onet_soc,title,acs_code,exact_match,delta,share_2022,share_2024,R1,R2,R3,employment
11-1021.00,General and Operations Managers,111021,True,0.0001860494565973994,0.036515426746916,0.0367014762035134,-0.3095279497624975,0.9351012377275804,0.7712295584537678,3584420.0
11-1011.00,Chief Executives,1110XX,False,-0.0024883890275960996,0.0059050428832502,0.0034166538556541,-0.3095150495624851,2.0392639358902196,1.2831135165570309,211850.0
11-1011.03,Chief Sustainability Officers,1110XX,False,-0.0024883890275960996,0.0059050428832502,0.0034166538556541,-0.7673478271042179,1.2523051819477329,0.540295423493359,211850.0
11-1021.00,General and Operations Managers,1110XX,False,-0.0024883890275960996,0.0059050428832502,0.0034166538556541,-0.3095279497624975,0.9351012377275804,0.7712295584537678,3584420.0
11-2011.00,Advertising and Promotions Managers,112011,True,-0.04988259086581209,0.147090546790735,0.0972079559249229,-1.0522605508723015,0.6378389306194603,0.5027759769219824,21100.0
11-2021.00,Marketing Managers,112021,True,-0.010593646015221891,0.0781683177914348,0.0675746717762129,-0.9268716709085252,1.0129370508421347,0.3414744534500431,384980.0
11-2022.00,Sales Managers,112022,True,0.0057179865601106016,0.028327903967156,0.0340458905272666,-1.012141765705488,0.8938028655783316,0.9689216873150232,603710.0
11-3012.00,Administrative Services Managers,113012,True,0.015663934682500998,0.0117404702887385,0.0274044049712395,-0.2251401300497257,0.5561610463775272,0.7373046245450443,254140.0
11-3013.00,Facilities Managers,113013,True,3.7543335514599735e-05,0.0153887484993241,0.0154262918348387,0.7542487143208009,0.9564316998277383,0.8899025615381685,141090.0
11-3013.01,Security Managers,113013,True,3.7543335514599735e-05,0.0153887484993241,0.0154262918348387,0.6979941426995286,1.5391088661814682,1.471093067726789,141090.0
11-3021.00,Computer and Information Systems Managers,113021,True,-0.0020805877363583997,0.0161562428268047,0.0140756550904463,-0.510400903524222,1.341807816904712,-0.4350299893025256,645970.0
11-3031.00,Financial Managers,113031,True,0.002271815567173402,0.0363420186465991,0.0386138342137725,-1.094490051814816,0.698139673400938,0.2862046250476573,818620.0
11-3031.01,Treasurers and Controllers,113031,True,0.002271815567173402,0.0363420186465991,0.0386138342137725,-1.3998500530589455,0.90727479977706,-0.667556078780045,818620.0
11-3031.03,Investment Fund Managers,113031,True,0.002271815567173402,0.0363420186465991,0.0386138342137725,-1.3279988290991511,0.8414376718933406,-0.7312199111047067,818620.0
11-3051.00,Industrial Production Managers,113051,True,-0.004082423254640602,0.0274477093921636,0.023365286137523,0.6852104967505737,1.3330964232628482,0.2294912177529781,234380.0
11-3051.01,Quality Control Systems Managers,113051,True,-0.004082423254640602,0.0274477093921636,0.023365286137523,0.2263374808233771,1.744688892148035,-0.0998835698321283,234380.0
11-3051.02,Geothermal Production Managers,113051,True,-0.004082423254640602,0.0274477093921636,0.023365286137523,0.9512015879763296,1.8205597934703497,0.2265914615550144,234380.0
11-3051.03,Biofuels Production Managers,113051,True,-0.004082423254640602,0.0274477093921636,0.023365286137523,0.918533777307957,1.3435381811626148,0.1206986168015496,234380.0
11-3051.04,Biomass Power Plant Managers,113051,True,-0.004082423254640602,0.0274477093921636,0.023365286137523,1.0847580808970176,1.5755701643842497,0.0898719804458285,234380.0
11-3051.06,Hydroelectric Production Managers,113051,True,-0.004082423254640602,0.0274477093921636,0.023365286137523,1.0347519920627413,1.789759930041929,0.0963758762103498,234380.0
11-3061.00,Purchasing Managers,113061,True,0.0024556639661929974,0.0246086040210082,0.0270642679872012,-0.8070122976375328,1.107832495559497,0.4329356309353614,81240.0
11-3071.00,"Transportation, Storage, and Distribution Managers",113071,True,-0.017359382770861305,0.0575441374396326,0.0401847546687713,0.043524999528887,1.078113696212122,0.6063793839579237,213000.0
11-3071.04,Supply Chain Managers,113071,True,-0.017359382770861305,0.0575441374396326,0.0401847546687713,-0.5022539222452105,1.2508411842837788,0.3604672877187278,213000.0
11-3121.00,Human Resources Managers,113121,True,-0.007811363477531599,0.0252998583506856,0.017488494873154,-0.8583992126872104,1.1772442285228248,1.47831584108573,215520.0
11-3131.00,Training and Development Managers,113131,True,-0.0021573741116292997,0.0468590006143764,0.0447016265027471,-1.090728337894351,0.9647030309032504,0.4823071063835903,44960.0
11-9013.00,"Farmers, Ranchers, and Other Agricultural Managers",119013,True,-0.0009549947026189082,0.068965758406535,0.0680107637039161,1.1587927835362526,1.046052183842524,0.2609678295803266,5910.0
11-9021.00,Construction Managers,119021,True,0.008880312169628299,0.0401680264193895,0.0490483385890178,1.1583629512389395,1.913639925294487,0.6677151743603641,348330.0
11-9041.00,Architectural and Engineering Managers,119041,True,0.0059754916804478,0.0024025058589411,0.0083779975393889,-0.2392983002075684,1.7141285064174203,-0.4012007141083151,210340.0
11-9041.01,Biofuels/Biodiesel Technology and Product Development Managers,119041,True,0.0059754916804478,0.0024025058589411,0.0083779975393889,0.2721967478173893,1.4155027679694487,-0.9199493451222082,210340.0
11-9051.00,Food Service Managers,119051,True,-0.006148004367984711,0.1279250296811522,0.1217770253131675,0.1799173784121581,0.25203285885434,1.279182245475558,244230.0
11-9081.00,Lodging Managers,119081,True,0.017913381446409297,0.0502679963270622,0.0681813777734715,-0.1104263899080368,0.9165862533506034,1.7520176265477303,41350.0
11-9111.00,Medical and Health Services Managers,119111,True,-0.004299399883698301,0.0260493388763395,0.0217499389926412,-0.6180150253871527,1.3682265949367092,1.126309683936371,565840.0
11-9141.00,"Property, Real Estate, and Community Association Managers",119141,True,0.009801999565226906,0.0397450622374052,0.0495470618026321,-0.4530909310608738,0.4282296290764837,0.6487021775669182,296640.0
11-9151.00,Social and Community Service Managers,119151,True,-0.0150125543507489,0.0511152495750006,0.0361026952242517,-0.7124723453363504,0.780306017121711,1.4362195437161696,195490.0
11-9111.00,Medical and Health Services Managers,1191XX,False,-0.0030446418718081993,0.0336158422296471,0.0305712003578389,-0.6180150253871527,1.3682265949367092,1.126309683936371,565840.0
11-9121.00,Natural Sciences Managers,1191XX,False,-0.0030446418718081993,0.0336158422296471,0.0305712003578389,-0.2503492738104203,1.524313510715357,-0.2270580932518495,100870.0
11-9121.01,Clinical Research Coordinators,1191XX,False,-0.0030446418718081993,0.0336158422296471,0.0305712003578389,-0.8642109768706874,0.4136536623336939,0.2302442539640685,100870.0
11-9121.02,Water Resource Specialists,1191XX,False,-0.0030446418718081993,0.0336158422296471,0.0305712003578389,-0.4790154850803906,1.3927288200269767,-0.8956115387302781,100870.0
11-9131.00,Postmasters and Mail Superintendents,1191XX,False,-0.0030446418718081993,0.0336158422296471,0.0305712003578389,-0.0984824614352407,0.8758232047134148,1.3530593807380111,13810.0
11-9141.00,"Property, Real Estate, and Community Association Managers",1191XX,False,-0.0030446418718081993,0.0336158422296471,0.0305712003578389,-0.4530909310608738,0.4282296290764837,0.6487021775669182,296640.0
11-9151.00,Social and Community Service Managers,1191XX,False,-0.0030446418718081993,0.0336158422296471,0.0305712003578389,-0.7124723453363504,0.780306017121711,1.4362195437161696,195490.0
11-9161.00,Emergency Management Directors,1191XX,False,-0.0030446418718081993,0.0336158422296471,0.0305712003578389,0.0049602621880268,1.3786052352964866,1.3134658569633948,12570.0
11-9171.00,Funeral Home Managers,1191XX,False,-0.0030446418718081993,0.0336158422296471,0.0305712003578389,0.2447243376491052,0.474229366812376,1.9654379428679067,13120.0
11-9179.01,Fitness and Wellness Coordinators,1191XX,False,-0.0030446418718081993,0.0336158422296471,0.0305712003578389,-0.2240223239540525,0.1055048691246074,1.4705580713909232,10490.0
11-9179.02,Spa Managers,1191XX,False,-0.0030446418718081993,0.0336158422296471,0.0305712003578389,-0.5860582126959194,0.5517437892563588,1.5186200447107632,10490.0
11-9199.01,Regulatory Affairs Managers,1191XX,False,-0.0030446418718081993,0.0336158422296471,0.0305712003578389,-1.1629324545311506,0.8175812550742885,-0.1957811370739755,630980.0
11-9199.02,Compliance Managers,1191XX,False,-0.0030446418718081993,0.0336158422296471,0.0305712003578389,-0.5718998427198323,0.7100159831389425,0.9949073111110012,630980.0
11-9199.08,Loss Prevention Managers,1191XX,False,-0.0030446418718081993,0.0336158422296471,0.0305712003578389,-0.035014747895498,0.93267609833667,1.2127168024362016,630980.0
11-9199.09,Wind Energy Operations Managers,1191XX,False,-0.0030446418718081993,0.0336158422296471,0.0305712003578389,1.3299057634762568,1.6367666394612224,0.6360149151293253,630980.0
11-9199.10,Wind Energy Development Managers,1191XX,False,-0.0030446418718081993,0.0336158422296471,0.0305712003578389,-0.5600356223717282,0.9899059024582456,-0.1811293277890814,630980.0
11-9199.11,Brownfield Redevelopment Specialists and Site Managers,1191XX,False,-0.0030446418718081993,0.0336158422296471,0.0305712003578389,-0.573829357710189,1.23709602089223,-0.4970623410320739,630980.0
13-1022.00,"Wholesale and Retail Buyers, Except Farm Products",131022,True,-0.006302201793342191,0.0843172002628861,0.0780149984695439,-0.8058628174411843,0.2491590810703058,0.1356023569449319,56720.0
13-1023.00,"Purchasing Agents, Except Wholesale, Retail, and Farm Products",131023,True,-0.0088225808687473,0.0480860632112602,0.0392634823425129,-0.9934340276185306,0.8542565737312371,0.1797935964295365,56720.0
13-1041.00,Compliance Officers,131041,True,0.0022941540008730027,0.0344532199270959,0.0367473739279689,-0.2146706356146969,-0.0718508983784073,0.8417217348204137,397770.0
13-1041.01,Environmental Compliance Inspectors,131041,True,0.0022941540008730027,0.0344532199270959,0.0367473739279689,0.1323779431621745,0.8540701606469197,-0.241609548258067,397770.0
13-1041.03,Equal Opportunity Representatives and Officers,131041,True,0.0022941540008730027,0.0344532199270959,0.0367473739279689,-1.335233691943447,0.2676710096398293,0.5335345814875007,397770.0
13-1041.04,Government Property Inspectors and Investigators,131041,True,0.0022941540008730027,0.0344532199270959,0.0367473739279689,0.4611037299998929,1.0602150772842711,0.5984788769043632,397770.0
13-1041.06,Coroners,131041,True,0.0022941540008730027,0.0344532199270959,0.0367473739279689,0.8018415043418124,0.8879699323418465,1.9041183236178552,397770.0
13-1041.07,Regulatory Affairs Specialists,131041,True,0.0022941540008730027,0.0344532199270959,0.0367473739279689,-1.3141338183082305,0.677380443492859,-0.367396092626514,397770.0
13-1041.08,Customs Brokers,131041,True,0.0022941540008730027,0.0344532199270959,0.0367473739279689,-1.1603191175814844,0.442260966587851,0.099304415563984,397770.0
13-1051.00,Cost Estimators,131051,True,-0.00012645589562219894,0.0472194192970737,0.0470929634014515,-1.135580468328959,0.7857863236470634,-1.2922171379892238,219530.0
13-1081.00,Logisticians,131081,True,-0.0006330839770639085,0.0809309223065234,0.0802978383294595,-0.6137739655386681,1.0315178952778077,0.2680985811092067,235640.0
13-1081.01,Logistics Engineers,131081,True,-0.0006330839770639085,0.0809309223065234,0.0802978383294595,-0.2920322960966887,1.7559257926951135,-0.8773363788820387,235640.0
13-1081.02,Logistics Analysts,131081,True,-0.0006330839770639085,0.0809309223065234,0.0802978383294595,-0.738589942131407,0.8409622453458895,-0.4179333454316324,235640.0
13-1082.00,Project Management Specialists,131082,True,-0.003005181000406601,0.0341648607981736,0.031159679797767,-0.8413919130291941,0.6961635965294294,-0.0932283764005291,1006160.0
13-1111.00,Management Analysts,131111,True,0.0016126182052975946,0.0772578110134834,0.078870429218781,-0.944951266019043,1.1542619754288936,0.4853052020187917,893900.0
13-1121.00,"Meeting, Convention, and Event Planners",131121,True,0.0017824881579139862,0.1270820249889864,0.1288645131469004,-0.1107465184097917,0.7576804809168701,1.2646746132447428,134670.0
13-1131.00,Fundraisers,131131,True,-0.016486827659648096,0.0507861549380357,0.0342993272783876,-1.387240582405487,0.2989762113649868,0.5956219326600752,105930.0
13-1141.00,"Compensation, Benefits, and Job Analysis Specialists",131141,True,-0.016623231884783304,0.0552560111280386,0.0386327792432553,-1.4301145409018576,-0.0357267786241927,-0.2929406871965551,102370.0
13-1151.00,Training and Development Specialists,131151,True,0.009369808180932596,0.0414456862125434,0.050815494393476,-1.1101594967973274,0.5485527925246195,0.701434512033624,436610.0
13-1161.00,Market Research Analysts and Marketing Specialists,131161,True,0.00020209027292980575,0.1258503027270177,0.1260523929999475,-1.5814004382590643,0.4254117323416638,-1.0499246818418893,861140.0
13-1161.01,Search Marketing Strategists,131161,True,0.00020209027292980575,0.1258503027270177,0.1260523929999475,-1.5797947595552022,0.5927747081221733,-0.9816917541488758,861140.0
13-1199.04,Business Continuity Planners,131199,True,0.0035452670265024022,0.0629146871513297,0.0664599541778321,-1.0904325972552384,0.9884476528853824,-0.3656602351614198,1128200.0
13-1199.05,Sustainability Specialists,131199,True,0.0035452670265024022,0.0629146871513297,0.0664599541778321,-0.942804534199222,0.6775866612785331,-0.1548897210393084,1128200.0
13-1199.06,Online Merchants,131199,True,0.0035452670265024022,0.0629146871513297,0.0664599541778321,-1.3029497401817869,-0.2201809352578965,-0.5000004538831665,1128200.0
13-1199.07,Security Management Specialists,131199,True,0.0035452670265024022,0.0629146871513297,0.0664599541778321,0.225942179863091,1.315165447671738,0.6325901878973277,1128200.0
13-2011.00,Accountants and Auditors,132011,True,-0.009963520383665811,0.0809130885845352,0.0709495682008694,-1.2360099089168477,0.2858469352727003,-0.7450833468879065,1448290.0
13-2031.00,Budget Analysts,132031,True,-0.003145521742357299,0.0373407496779207,0.0341952279355634,-1.2978482357150087,0.1541565543864154,-0.8420877247084558,47170.0
13-2052.00,Personal Financial Advisors,132052,True,0.0014610673525701987,0.0569660919459603,0.0584271592985305,-1.6683402724881244,0.3869234614372004,-0.4540148009964284,270480.0
13-2053.00,Insurance Underwriters,132053,True,-0.015176351827619401,0.0585536605347434,0.043377308707124,-1.5316594726011954,-0.2628374808430283,-0.4805307971921012,107820.0
13-2081.00,"Tax Examiners and Collectors, and Revenue Agents",132081,True,-0.005335309356164497,0.0408491831741772,0.0355138738180127,-1.248197959841936,0.0449287188336587,-0.0256014609731697,53530.0
13-2082.00,Tax Preparers,132082,True,0.031018641745910194,0.111036996062864,0.1420556378087742,-1.6241024667884372,-0.4759086861753328,-0.8505220165982221,73570.0
13-2011.00,Accountants and Auditors,1320XX,False,0.0004909161464312917,0.0650928548945546,0.0655837710409859,-1.2360099089168477,0.2858469352727003,-0.7450833468879065,1448290.0
13-2022.00,Appraisers of Personal and Business Property,1320XX,False,0.0004909161464312917,0.0650928548945546,0.0655837710409859,-0.6528615779925013,0.2621175608877144,-0.5079680326495578,56720.0
13-2023.00,Appraisers and Assessors of Real Estate,1320XX,False,0.0004909161464312917,0.0650928548945546,0.0655837710409859,-0.7506063934999,-0.0722540446682737,-0.9528864485124768,56720.0
13-2031.00,Budget Analysts,1320XX,False,0.0004909161464312917,0.0650928548945546,0.0655837710409859,-1.2978482357150087,0.1541565543864154,-0.8420877247084558,47170.0
13-2041.00,Credit Analysts,1320XX,False,0.0004909161464312917,0.0650928548945546,0.0655837710409859,-1.6866350772498817,-0.1594982592893021,-1.3470842439217978,67370.0
13-2052.00,Personal Financial Advisors,1320XX,False,0.0004909161464312917,0.0650928548945546,0.0655837710409859,-1.6683402724881244,0.3869234614372004,-0.4540148009964284,270480.0
13-2053.00,Insurance Underwriters,1320XX,False,0.0004909161464312917,0.0650928548945546,0.0655837710409859,-1.5316594726011954,-0.2628374808430283,-0.4805307971921012,107820.0
13-2061.00,Financial Examiners,1320XX,False,0.0004909161464312917,0.0650928548945546,0.0655837710409859,-1.3213992005566133,0.7485361091644556,-0.4506731479831742,62830.0
13-2071.00,Credit Counselors,1320XX,False,0.0004909161464312917,0.0650928548945546,0.0655837710409859,-1.5415161084382916,-0.0779341159701928,0.1757563957674161,28110.0
13-2072.00,Loan Officers,1320XX,False,0.0004909161464312917,0.0650928548945546,0.0655837710409859,-1.2726514838360996,0.0019417046684558,0.0850993081915475,290530.0
13-2081.00,"Tax Examiners and Collectors, and Revenue Agents",1320XX,False,0.0004909161464312917,0.0650928548945546,0.0655837710409859,-1.248197959841936,0.0449287188336587,-0.0256014609731697,53530.0
13-2082.00,Tax Preparers,1320XX,False,0.0004909161464312917,0.0650928548945546,0.0655837710409859,-1.6241024667884372,-0.4759086861753328,-0.8505220165982221,73570.0
13-2099.01,Financial Quantitative Analysts,1320XX,False,0.0004909161464312917,0.0650928548945546,0.0655837710409859,-1.520989261044111,0.5586001004386998,-1.7823950257750627,127450.0
13-2099.04,"Fraud Examiners, Investigators and Analysts",1320XX,False,0.0004909161464312917,0.0650928548945546,0.0655837710409859,-1.3066623258079415,0.5985773006529139,-0.0384088729676857,127450.0
15-1211.00,Computer Systems Analysts,151211,True,0.010836369506427301,0.0748122195500942,0.0856485890565215,-0.684317304262812,0.960817612402942,-1.32589045659683,497800.0
15-1211.01,Health Informatics Specialists,151211,True,0.010836369506427301,0.0748122195500942,0.0856485890565215,-0.7316175167369926,1.366714915383666,-0.1989979889635897,497800.0
15-1212.00,Information Security Analysts,151212,True,0.014570449990180895,0.066187520418164,0.0807579704083449,-0.7467062777453666,0.6749915065332099,-1.0497206049735537,179430.0
15-1241.00,Computer Network Architects,151241,True,0.0061019176229231,0.0265569116183031,0.0326588292412262,-0.3605939795657714,1.2393526024945334,-1.349504766589689,177010.0
15-1241.01,Telecommunications Engineering Specialists,151241,True,0.0061019176229231,0.0265569116183031,0.0326588292412262,0.434527884879382,1.0604899329750317,-0.5843667637011603,177010.0
15-1244.00,Network and Computer Systems Administrators,151244,True,0.0001044588958118986,0.0463401205899851,0.046444579485797,-0.3398436394561714,0.9231461294442328,-1.786502835044875,318570.0
15-1241.00,Computer Network Architects,15124X,False,0.013662662591059,0.0415463694486097,0.0552090320396687,-0.3605939795657714,1.2393526024945334,-1.349504766589689,177010.0
15-1241.01,Telecommunications Engineering Specialists,15124X,False,0.013662662591059,0.0415463694486097,0.0552090320396687,0.434527884879382,1.0604899329750317,-0.5843667637011603,177010.0
15-1242.00,Database Administrators,15124X,False,0.013662662591059,0.0415463694486097,0.0552090320396687,-1.0078697562994017,0.5880937143351358,-1.443509782377968,73180.0
15-1243.00,Database Architects,15124X,False,0.013662662591059,0.0415463694486097,0.0552090320396687,-1.0502248839857011,0.8942989732661472,-1.730408299149299,64770.0
15-1243.01,Data Warehousing Specialists,15124X,False,0.013662662591059,0.0415463694486097,0.0552090320396687,-1.4579014115978766,0.3365998853896554,-1.9744247251682017,64770.0
15-1244.00,Network and Computer Systems Administrators,15124X,False,0.013662662591059,0.0415463694486097,0.0552090320396687,-0.3398436394561714,0.9231461294442328,-1.786502835044875,318570.0
15-1251.00,Computer Programmers,151251,True,0.011101600009687594,0.0597640628136435,0.0708656628233311,-1.1414269569365076,0.6131683291030667,-1.9768435265665936,109870.0
15-1252.00,Software Developers,151252,True,-0.013160307236071797,0.0897896280026315,0.0766293207665597,-1.2622097559399674,0.4335711723032792,-2.174048462113498,1654440.0
15-1253.00,Software Quality Assurance Analysts and Testers,151253,True,0.0143442068975915,0.0473638634053287,0.0617080703029202,-1.003765282223697,0.6529611451619155,-1.5040621607688545,199800.0
15-1254.00,Web Developers,151254,True,0.005532463334219098,0.0596390002297735,0.0651714635639926,-1.166405366724846,0.4130355934631537,-1.594840608043996,78860.0
15-1299.01,Web Administrators,151299,True,-0.005983745242581204,0.0661002876645729,0.0601165424219917,-1.0410862086368216,0.6310166872608718,-1.181010744069459,439380.0
15-1299.02,Geographic Information Systems Technologists and Technicians,151299,True,-0.005983745242581204,0.0661002876645729,0.0601165424219917,-0.8682589812319383,0.4211680546912997,-1.7043457803954207,439380.0
15-1299.03,Document Management Specialists,151299,True,-0.005983745242581204,0.0661002876645729,0.0601165424219917,-1.0521320531456362,0.4545612176212407,-0.5149959268502093,439380.0
15-1299.04,Penetration Testers,151299,True,-0.005983745242581204,0.0661002876645729,0.0601165424219917,-0.7712228261268924,1.0214564863455011,-1.0841739549325076,439380.0
15-1299.05,Information Security Engineers,151299,True,-0.005983745242581204,0.0661002876645729,0.0601165424219917,-0.7901024875858645,0.8074816352638391,-1.156010310075184,439380.0
15-1299.06,Digital Forensics Analysts,151299,True,-0.005983745242581204,0.0661002876645729,0.0601165424219917,-0.8343487770148812,0.4572761069685868,-1.009448183059969,439380.0
15-1299.07,Blockchain Engineers,151299,True,-0.005983745242581204,0.0661002876645729,0.0601165424219917,-0.8521044902008372,0.8440635193360396,-1.7683459224150986,439380.0
15-1299.08,Computer Systems Engineers/Architects,151299,True,-0.005983745242581204,0.0661002876645729,0.0601165424219917,-0.5073948679464013,1.137299881303259,-1.264344921542873,439380.0
15-1299.09,Information Technology Project Managers,151299,True,-0.005983745242581204,0.0661002876645729,0.0601165424219917,-0.608889010064031,1.4830491890930992,0.2991140691347813,439380.0
15-2031.00,Operations Research Analysts,152031,True,-0.009805193806531498,0.0566815437122604,0.0468763499057289,-1.2541529247280143,1.2172606747836847,-1.7748231424004275,107760.0
15-2011.00,Actuaries,1520XX,False,-0.0271227240359493,0.1102569490231879,0.0831342249872386,-1.4950535578117177,0.8941315730577148,-1.6446621838392734,28340.0
15-2021.00,Mathematicians,1520XX,False,-0.0271227240359493,0.1102569490231879,0.0831342249872386,-1.627551333979878,0.5992037105728509,-2.1524869148821533,2220.0
15-2031.00,Operations Research Analysts,1520XX,False,-0.0271227240359493,0.1102569490231879,0.0831342249872386,-1.2541529247280143,1.2172606747836847,-1.7748231424004275,107760.0
15-2041.00,Statisticians,1520XX,False,-0.0271227240359493,0.1102569490231879,0.0831342249872386,-1.42401677934062,0.9271866116906134,-1.7779582887816223,29800.0
15-2041.01,Biostatisticians,1520XX,False,-0.0271227240359493,0.1102569490231879,0.0831342249872386,-1.4596955203732789,0.7805906617257823,-1.4145573292496816,29800.0
15-2051.00,Data Scientists,1520XX,False,-0.0271227240359493,0.1102569490231879,0.0831342249872386,-1.4555913871313022,0.5996398788306858,-2.159852487661406,233440.0
15-2051.01,Business Intelligence Analysts,1520XX,False,-0.0271227240359493,0.1102569490231879,0.0831342249872386,-1.687914161142738,0.3077873761603534,-1.3506580064163038,233440.0
15-2051.02,Clinical Data Managers,1520XX,False,-0.0271227240359493,0.1102569490231879,0.0831342249872386,-1.2451393743807262,0.6965405944960573,-0.9502690957461264,233440.0
15-2099.01,Bioinformatics Technicians,1520XX,False,-0.0271227240359493,0.1102569490231879,0.0831342249872386,-1.081724754889351,0.7056014586716882,-1.8370565781606063,4660.0
17-1011.00,"Architects, Except Landscape and Naval",171011,True,-0.007558750193680401,0.0490727228685032,0.0415139726748228,-0.0761897271100761,1.8604761902662308,-0.3186520195782307,111140.0
17-2011.00,Aerospace Engineers,172011,True,-0.017384126979135495,0.1095392246287386,0.0921550976496031,-0.3323567862622034,1.8644834471910032,-1.964672549546096,68440.0
17-2041.00,Chemical Engineers,172041,True,0.0284698628274591,0.0991602360417612,0.1276300988692203,-0.0717275358231371,1.7355486712986297,-1.925558164847396,20330.0
17-2051.00,Civil Engineers,172051,True,0.008393180974406902,0.1092146302542342,0.1176078112286411,-0.1211487119064299,1.7190861402352848,-0.992031762592005,355410.0
17-2051.01,Transportation Engineers,172051,True,0.008393180974406902,0.1092146302542342,0.1176078112286411,-0.205011419836111,1.8196798759645805,-0.7654571148600945,355410.0
17-2051.02,Water/Wastewater Engineers,172051,True,0.008393180974406902,0.1092146302542342,0.1176078112286411,-0.2918584750903074,1.812831730031003,-1.10170206186317,355410.0
17-2061.00,Computer Hardware Engineers,172061,True,0.003593137781204195,0.0928631014713973,0.0964562392526015,-0.5989930237482445,1.3873590162868723,-1.9482764926825364,75710.0
17-2131.00,Materials Engineers,172131,True,-0.04450084654080459,0.1191165329551856,0.074615686414381,-0.174823703677721,1.5697335548935811,-1.8390279312354807,22770.0
17-2141.00,Mechanical Engineers,172141,True,0.006481557297876306,0.1087104571667412,0.1151920144646175,-0.0260275915535088,1.604566643050767,-1.5708067061693238,286760.0
17-2141.01,Fuel Cell Engineers,172141,True,0.006481557297876306,0.1087104571667412,0.1151920144646175,0.0138199380025109,1.5681621266173824,-2.1011588827778382,286760.0
17-2141.02,Automotive Engineers,172141,True,0.006481557297876306,0.1087104571667412,0.1151920144646175,0.0820137377377867,1.7662216610517456,-1.378339195442123,286760.0
17-3011.00,Architectural and Civil Drafters,17301X,False,0.014364744837999904,0.0666785341911858,0.0810432790291857,-0.6661223142407872,0.6617421624960422,-1.1225978584012484,109550.0
17-3012.00,Electrical and Electronics Drafters,17301X,False,0.014364744837999904,0.0666785341911858,0.0810432790291857,-0.5702298743643147,0.4527592403829145,-1.490250562026877,20020.0
17-3013.00,Mechanical Drafters,17301X,False,0.014364744837999904,0.0666785341911858,0.0810432790291857,-0.823102363714028,0.0448195830088579,-2.518668224527979,39900.0
17-3023.00,Electrical and Electronic Engineering Technologists and Technicians,173023,True,0.006220862990756401,0.0705494747594107,0.0767703377501671,0.3669659816565287,0.6630504065510755,-1.8371973475427577,92710.0
17-3021.00,Aerospace Engineering and Operations Technologists and Technicians,17302X,False,0.01165728899640149,0.0794672310255403,0.0911245200219418,0.7055857854604207,1.130677568321373,-1.358787003609832,9060.0
17-3022.00,Civil Engineering Technologists and Technicians,17302X,False,0.01165728899640149,0.0794672310255403,0.0911245200219418,-0.1072627157284519,0.7467481087700701,-0.9937711631449252,62130.0
17-3023.00,Electrical and Electronic Engineering Technologists and Technicians,17302X,False,0.01165728899640149,0.0794672310255403,0.0911245200219418,0.3669659816565287,0.6630504065510755,-1.8371973475427577,92710.0
17-3024.00,Electro-Mechanical and Mechatronics Technologists and Technicians,17302X,False,0.01165728899640149,0.0794672310255403,0.0911245200219418,1.205984629746981,0.762621739083476,-1.2758419499712004,14680.0
17-3024.01,Robotics Technicians,17302X,False,0.01165728899640149,0.0794672310255403,0.0911245200219418,1.2628970688299894,1.2746583423825897,-1.6382694570266396,14680.0
17-3025.00,Environmental Engineering Technologists and Technicians,17302X,False,0.01165728899640149,0.0794672310255403,0.0911245200219418,0.5809258885042846,0.628789362016683,-0.7707580264803083,12500.0
17-3026.00,Industrial Engineering Technologists and Technicians,17302X,False,0.01165728899640149,0.0794672310255403,0.0911245200219418,0.1600080767150966,0.9369478770104795,-1.2110106378149903,73410.0
17-3026.01,Nanotechnology Engineering Technologists and Technicians,17302X,False,0.01165728899640149,0.0794672310255403,0.0911245200219418,0.635710970608965,1.4415577995653095,-1.3285453448168454,73410.0
17-3027.00,Mechanical Engineering Technologists and Technicians,17302X,False,0.01165728899640149,0.0794672310255403,0.0911245200219418,0.9738563891517762,1.1522082494473924,-1.00879773555921,37450.0
17-3027.01,Automotive Engineering Technicians,17302X,False,0.01165728899640149,0.0794672310255403,0.0911245200219418,0.9934418147523992,0.7247142973220997,-1.0377172290147725,37450.0
17-3029.01,Non-Destructive Testing Specialists,17302X,False,0.01165728899640149,0.0794672310255403,0.0911245200219418,1.4084976111642986,1.2007514464304634,-0.3653526912796172,64410.0
17-3029.08,Photonics Technicians,17302X,False,0.01165728899640149,0.0794672310255403,0.0911245200219418,0.4844233918312614,0.39153513770213,-1.6045354404964416,64410.0
17-3031.00,Surveying and Mapping Technicians,173031,True,-0.009268216059355905,0.1223001309529729,0.113031914893617,0.2241224352656992,0.331891107747137,-0.9397982999360676,56720.0
19-1011.00,Animal Scientists,1910XX,False,0.012888702124798895,0.0520551045943549,0.0649438067191538,-0.02984176815836,1.3601868016039542,-0.1491573396003176,2470.0
19-1012.00,Food Scientists and Technologists,1910XX,False,0.012888702124798895,0.0520551045943549,0.0649438067191538,0.1981381818237091,1.376646625047773,-0.5189642220665421,14370.0
19-1013.00,Soil and Plant Scientists,1910XX,False,0.012888702124798895,0.0520551045943549,0.0649438067191538,0.2537364861593738,1.3905762477772583,-0.4923917689773888,16600.0
19-1021.00,Biochemists and Biophysicists,1910XX,False,0.012888702124798895,0.0520551045943549,0.0649438067191538,0.0505031382673819,2.0616595009909,-1.3588314718836485,34520.0
19-1022.00,Microbiologists,1910XX,False,0.012888702124798895,0.0520551045943549,0.0649438067191538,0.1366863823975722,1.2869434691242396,-0.6246758268407593,19760.0
19-1023.00,Zoologists and Wildlife Biologists,1910XX,False,0.012888702124798895,0.0520551045943549,0.0649438067191538,0.2709604302893164,1.0536843768385646,0.3050368587690416,16920.0
19-1029.01,Bioinformatics Scientists,1910XX,False,0.012888702124798895,0.0520551045943549,0.0649438067191538,-1.1869540301851689,1.1814149598857342,-2.062373101011486,59710.0
19-1029.02,Molecular and Cellular Biologists,1910XX,False,0.012888702124798895,0.0520551045943549,0.0649438067191538,-0.1810673057929517,1.6092102418900356,-0.9195446863246636,59710.0
19-1029.03,Geneticists,1910XX,False,0.012888702124798895,0.0520551045943549,0.0649438067191538,-0.6883771582772134,1.3830775276010856,-0.9756388116926156,59710.0
19-1029.04,Biologists,1910XX,False,0.012888702124798895,0.0520551045943549,0.0649438067191538,0.107640005052526,1.4682675249316657,-0.3952663231189308,59710.0
19-1031.00,Conservation Scientists,1910XX,False,0.012888702124798895,0.0520551045943549,0.0649438067191538,0.257917436860861,0.8574340189659692,-0.0672239022954926,25590.0
19-1031.02,Range Managers,1910XX,False,0.012888702124798895,0.0520551045943549,0.0649438067191538,0.0989149051906484,0.6456383197856588,0.2012999388734861,25590.0
19-1031.03,Park Naturalists,1910XX,False,0.012888702124798895,0.0520551045943549,0.0649438067191538,-0.0680884368012812,-0.1051892316683155,1.3469896048668637,25590.0
19-1032.00,Foresters,1910XX,False,0.012888702124798895,0.0520551045943549,0.0649438067191538,0.578929731275999,1.0866636137684629,0.2610715007922097,9650.0
19-1041.00,Epidemiologists,1910XX,False,0.012888702124798895,0.0520551045943549,0.0649438067191538,-1.0728204719271672,1.4589266549499351,-0.1627807295314391,11460.0
19-1042.00,"Medical Scientists, Except Epidemiologists",1910XX,False,0.012888702124798895,0.0520551045943549,0.0649438067191538,-0.5366566765545049,1.131937412051332,-0.8716147395803129,156300.0
19-2099.01,Remote Sensing Scientists and Technologists,192099,True,-0.0143631248420992,0.0797477601120082,0.065384635269909,-0.652672136752726,1.5104379834391128,-1.520360819121364,22580.0
19-3034.00,School Psychologists,193034,True,0.0119228416993229,0.0144878166078871,0.02641065830721,-1.2071884423089636,0.3870901273386211,1.4454709540802506,63830.0
19-3032.00,Industrial-Organizational Psychologists,19303X,False,-0.010712706275603903,0.034419176398279,0.0237064701226751,-1.2494275197586562,1.412566380963781,0.2588635564712134,1050.0
19-3033.00,Clinical and Counseling Psychologists,19303X,False,-0.010712706275603903,0.034419176398279,0.0237064701226751,-1.4454507138906154,0.1583111020367711,1.253919838945282,72190.0
19-3034.00,School Psychologists,19303X,False,-0.010712706275603903,0.034419176398279,0.0237064701226751,-1.2071884423089636,0.3870901273386211,1.4454709540802506,63830.0
19-3039.02,Neuropsychologists,19303X,False,-0.010712706275603903,0.034419176398279,0.0237064701226751,-1.0458563323551462,0.854266467784015,0.6042264358682186,17790.0
19-3039.03,Clinical Neuropsychologists,19303X,False,-0.010712706275603903,0.034419176398279,0.0237064701226751,-0.9669552460813972,0.8577544859549701,0.862849235565871,17790.0
19-4031.00,Chemical Technicians,194031,True,0.0553900071081358,0.0971868384226201,0.1525768455307559,0.5275767994553574,0.7668087272706814,-1.175453063377523,55640.0
21-1011.00,Substance Abuse and Behavioral Disorder Counselors,211011,True,0.013567291561076111,0.0864204877952014,0.0999877793562775,-0.8611911453506821,0.1575898040482078,1.860673130465649,56720.0
21-1012.00,"Educational, Guidance, and Career Counselors and Advisors",211012,True,-0.0025514286806880976,0.0639699931519641,0.061418564471276,-1.2304699994213386,0.1308512401334941,1.2333049298846566,342350.0
21-1014.00,Mental Health Counselors,211014,True,0.004190464002689395,0.0586838110545584,0.0628742750572478,-1.3428355354985908,0.1841054498616517,1.7518857937660866,56720.0
21-1021.00,"Child, Family, and School Social Workers",211021,True,-0.0577822684070093,0.1094469315544508,0.0516646631474415,-0.6183731996064562,0.2530354877114828,2.149786624264842,382960.0
21-1022.00,Healthcare Social Workers,211022,True,0.03389435118381,0.045776421854008,0.079670773037818,-0.9408158792612876,-0.1396484317893269,2.1143292967261624,185940.0
21-1092.00,Probation Officers and Correctional Treatment Specialists,211092,True,0.005927760568488004,0.04273403991813,0.048661800486618,-0.2232872294106486,-0.1152666983221657,1.8517895928359716,86820.0
21-1093.00,Social and Human Service Assistants,211093,True,0.0044668272688300065,0.0936324838434337,0.0980993111122637,-0.6768648773884958,-0.3122741714440986,1.6065705612388976,424220.0
21-1091.00,Health Education Specialists,21109X,False,0.00809055691497619,0.0831265508684863,0.0912171077834625,-0.7246249158084114,0.405680723800603,1.6128501225700176,65150.0
21-1092.00,Probation Officers and Correctional Treatment Specialists,21109X,False,0.00809055691497619,0.0831265508684863,0.0912171077834625,-0.2232872294106486,-0.1152666983221657,1.8517895928359716,86820.0
21-1093.00,Social and Human Service Assistants,21109X,False,0.00809055691497619,0.0831265508684863,0.0912171077834625,-0.6768648773884958,-0.3122741714440986,1.6065705612388976,424220.0
21-1094.00,Community Health Workers,21109X,False,0.00809055691497619,0.0831265508684863,0.0912171077834625,-0.6820536338329178,-0.0723722250012654,1.3360718891732075,60730.0
21-2011.00,Clergy,212011,True,0.0034603532361873017,0.0266316002427675,0.0300919534789548,-1.1806847888997662,0.2051393210403478,1.7347997688214836,58080.0
21-2021.00,"Directors, Religious Activities and Education",212021,True,-0.0173764853952385,0.065514403292181,0.0481379178969425,-1.157461268967175,0.17587648510832,1.024362284121831,21460.0
23-1011.00,Lawyers,2310XX,False,-0.0005114047197595003,0.0105099346703702,0.0099985299506107,-1.3045977395847332,0.79576459697584,0.7259220441097518,747750.0
23-1012.00,Judicial Law Clerks,2310XX,False,-0.0005114047197595003,0.0105099346703702,0.0099985299506107,-1.8454788338570105,-0.5713826966843013,-0.8484954675992146,13220.0
23-1021.00,"Administrative Law Judges, Adjudicators, and Hearing Officers",2310XX,False,-0.0005114047197595003,0.0105099346703702,0.0099985299506107,-1.6381088243051232,0.1154180886265214,0.1452744335487897,16230.0
23-1022.00,"Arbitrators, Mediators, and Conciliators",2310XX,False,-0.0005114047197595003,0.0105099346703702,0.0099985299506107,-1.586055520729971,-0.1985485847374444,-0.1484493446634293,7860.0
23-1023.00,"Judges, Magistrate Judges, and Magistrates",2310XX,False,-0.0005114047197595003,0.0105099346703702,0.0099985299506107,-1.2973703267038048,0.385938600673495,0.9520151851833194,25580.0
23-2011.00,Paralegals and Legal Assistants,232011,True,0.005827946871168194,0.0960380507762007,0.1018659976473689,-1.6070226880615408,-0.6718449316669625,-0.2683811584279081,367220.0
23-2093.00,"Title Examiners, Abstractors, and Searchers",232093,True,-0.006146006796431298,0.0534754889085221,0.0473294821120908,-1.4003935453943497,-0.5283806980087444,-0.3947780235909703,48170.0
25-3011.00,"Adult Basic Education, Adult Secondary Education, and English as a Second Language Instructors",2530XX,False,0.008581073412620696,0.0725779543800048,0.0811590277926255,-1.4532455837580904,-0.4749827333596679,0.335706529257938,36260.0
25-3021.00,Self-Enrichment Teachers,2530XX,False,0.008581073412620696,0.0725779543800048,0.0811590277926255,-1.1485028602345737,-0.9819161799196272,0.2744989849684016,308520.0
25-3031.00,"Substitute Teachers, Short-Term",2530XX,False,0.008581073412620696,0.0725779543800048,0.0811590277926255,-1.3240650652531718,-1.3164137355269745,0.3302405844580759,481300.0
25-3041.00,Tutors,2530XX,False,0.008581073412620696,0.0725779543800048,0.0811590277926255,-1.5878069379160993,-0.3313413466063512,0.441499702049321,174660.0
25-4022.00,Librarians and Media Collections Specialists,254022,True,-0.002141131783767198,0.0275023073444787,0.0253611755607115,-1.0160031229996038,0.113333329593335,0.4922754706527448,131830.0
25-9021.00,Farm and Home Management Educators,2590XX,False,-0.011252960360051696,0.0443777576166437,0.033124797256592,-0.2019043453245257,0.9297663857654348,0.8052835135031997,10260.0
25-9031.00,Instructional Coordinators,2590XX,False,-0.011252960360051696,0.0443777576166437,0.033124797256592,-0.9706276701395636,0.9215074920945098,1.0432183690601635,210850.0
25-9042.00,"Teaching Assistants, Preschool, Elementary, Middle, and Secondary School, Except Special Education",2590XX,False,-0.011252960360051696,0.0443777576166437,0.033124797256592,-0.3217482777197937,-0.4914533160981148,1.320397582086685,56720.0
25-9043.00,"Teaching Assistants, Special Education",2590XX,False,-0.011252960360051696,0.0443777576166437,0.033124797256592,-0.8258031556196942,-0.9997401578921176,0.9590690711268808,56720.0
25-9044.00,"Teaching Assistants, Postsecondary",2590XX,False,-0.011252960360051696,0.0443777576166437,0.033124797256592,-1.3143158551279412,-0.5187246493400473,-0.2745750977278544,155010.0
27-1024.00,Graphic Designers,271024,True,-0.014443748810552298,0.1069595360309312,0.0925157872203789,-1.1958772175273962,0.0070675310984407,-0.6051523007606008,214260.0
27-1025.00,Interior Designers,271025,True,0.029270449579714503,0.1039827908006706,0.1332532403803851,-0.5982200156590934,0.9386255660770622,0.0406551999043635,69580.0
27-1021.00,Commercial and Industrial Designers,27102X,False,-0.0035827360891738103,0.0829661761279105,0.0793834400387367,-0.3430223143883496,0.8500344594066609,-1.3318240296102228,30250.0
27-1022.00,Fashion Designers,27102X,False,-0.0035827360891738103,0.0829661761279105,0.0793834400387367,-0.5637740400185434,0.3817738568553617,-0.4174542407309396,20910.0
27-1023.00,Floral Designers,27102X,False,-0.0035827360891738103,0.0829661761279105,0.0793834400387367,-0.2157591559206531,-0.7531300223293137,0.429654030667555,40160.0
27-1024.00,Graphic Designers,27102X,False,-0.0035827360891738103,0.0829661761279105,0.0793834400387367,-1.1958772175273962,0.0070675310984407,-0.6051523007606008,214260.0
27-1025.00,Interior Designers,27102X,False,-0.0035827360891738103,0.0829661761279105,0.0793834400387367,-0.5982200156590934,0.9386255660770622,0.0406551999043635,69580.0
27-1026.00,Merchandise Displayers and Window Trimmers,27102X,False,-0.0035827360891738103,0.0829661761279105,0.0793834400387367,-0.139867676674,-0.9532016096684842,0.2833216027607206,192480.0
27-1027.00,Set and Exhibit Designers,27102X,False,-0.0035827360891738103,0.0829661761279105,0.0793834400387367,-0.2532689576259496,0.6742852875673782,-0.6686887652199074,10850.0
27-2012.00,Producers and Directors,272012,True,-0.016451981106813396,0.0922389013094857,0.0757869202026723,-0.3713744391214983,0.9551671643088288,0.3063900317684171,145270.0
27-2012.03,Media Programming Directors,272012,True,-0.016451981106813396,0.0922389013094857,0.0757869202026723,-0.6015253854605784,1.0936232741923708,0.4545704054489762,145270.0
27-2012.04,Talent Directors,272012,True,-0.016451981106813396,0.0922389013094857,0.0757869202026723,-1.4303721812085015,-0.3967062118043699,0.4791589145404591,145270.0
27-2012.05,Media Technical Directors/Managers,272012,True,-0.016451981106813396,0.0922389013094857,0.0757869202026723,0.1902434733842523,0.921177093636396,-0.1153601550701902,145270.0
27-2022.00,Coaches and Scouts,272022,True,0.010099301635074803,0.1038855952571703,0.1139848968922451,-0.1048433945711592,0.6595573974681628,1.4378491328788467,250940.0
27-3023.00,"News Analysts, Reporters, and Journalists",273023,True,0.048711092087736996,0.1236790492081613,0.1723901412958983,-0.9458396725679308,0.3289618513838492,-0.0099426932929107,41550.0
27-3031.00,Public Relations Specialists,273031,True,-0.0201242729843865,0.1172727626307806,0.0971484896463941,-1.379491143118473,0.2275357944172387,0.8412283418271416,280590.0
27-3041.00,Editors,273041,True,-0.027172401725138802,0.0721856055982749,0.0450132038731361,-0.9258365644472104,0.7666072101690391,0.3167167544249856,95480.0
27-3042.00,Technical Writers,273042,True,-0.028210791860893297,0.0569449715370019,0.0287341796761086,-1.369048847554375,-0.2360463934242627,-1.057072140566414,55530.0
27-3043.00,Writers and Authors,273043,True,-0.024329817660357606,0.0868242181685878,0.0624944005082302,-1.866181974728548,-0.5477668720324632,-0.6976187251068239,47800.0
27-3043.05,"Poets, Lyricists and Creative Writers",273043,True,-0.024329817660357606,0.0868242181685878,0.0624944005082302,-2.0856747237942383,-0.967192944434148,-1.2733196777011493,47800.0
27-4011.00,Audio and Video Technicians,2740XX,False,-0.020517287384441002,0.107903610494284,0.087386323109843,0.319982513665269,0.4164858226501584,-0.5388932979213663,70080.0
27-4012.00,Broadcast Technicians,2740XX,False,-0.020517287384441002,0.107903610494284,0.087386323109843,0.4364480833616779,0.8391798144397713,-1.0523901141315066,21080.0
27-4014.00,Sound Engineering Technicians,2740XX,False,-0.020517287384441002,0.107903610494284,0.087386323109843,-0.0506889358963483,0.3070714689337236,-0.6469794386007692,13050.0
27-4021.00,Photographers,2740XX,False,-0.020517287384441002,0.107903610494284,0.087386323109843,0.0224870714925802,-0.0390455012922433,0.2456103959255759,51230.0
27-4031.00,"Camera Operators, Television, Video, and Film",2740XX,False,-0.020517287384441002,0.107903610494284,0.087386323109843,0.5400888023301351,-0.0741661851508815,0.011506620307592,24460.0
27-4032.00,Film and Video Editors,2740XX,False,-0.020517287384441002,0.107903610494284,0.087386323109843,-0.7737376762706927,0.2974784211767999,-0.6325954371322048,28860.0
29-1031.00,Dietitians and Nutritionists,291031,True,0.0314244675029457,0.0387771478864124,0.0702016153893581,-1.0910765032147347,0.6253829796011502,0.5837426453677677,76570.0
29-1051.00,Pharmacists,291051,True,-0.015526648020560599,0.0314128526113062,0.0158862045907456,-0.3178437956652686,1.0248252891183252,0.9025190194913002,328870.0
29-1071.00,Physician Assistants,291071,True,0.0035636472561026006,0.0303014833505929,0.0338651306066955,0.0159929064239963,0.9947511801155074,1.7116388120723984,155540.0
29-1071.01,Anesthesiologist Assistants,291071,True,0.0035636472561026006,0.0303014833505929,0.0338651306066955,0.6352495072236944,0.545274030440142,0.4752764178291713,155540.0
29-1122.00,Occupational Therapists,291122,True,-0.0346817273903383,0.0672346699123995,0.0325529425220612,-0.2118969730887063,0.4463443003493492,1.68632447501965,152280.0
29-1122.01,"Low Vision Therapists, Orientation and Mobility Specialists, and Vision Rehabilitation Therapists",291122,True,-0.0346817273903383,0.0672346699123995,0.0325529425220612,-0.3383285374428125,-0.1896316499874593,1.2257775019831485,152280.0
29-1123.00,Physical Therapists,291123,True,0.006129192112113602,0.0350211985304867,0.0411503906426003,0.0932120704938553,0.2803349981431274,1.844907074624395,248630.0
29-1126.00,Respiratory Therapists,291126,True,-0.0047989673483479975,0.0435740222632299,0.0387750549148819,0.6433118821575866,0.7856073757993282,1.0793864857909297,136420.0
29-1127.00,Speech-Language Pathologists,291127,True,0.004696761584127407,0.0696677311016902,0.0743644926858176,-0.8332574986597465,0.5235306062435217,1.0840252386739218,178790.0
29-1122.00,Occupational Therapists,29112X,False,-0.01579622576708971,0.1076948073048677,0.091898581537778,-0.2118969730887063,0.4463443003493492,1.68632447501965,152280.0
29-1122.01,"Low Vision Therapists, Orientation and Mobility Specialists, and Vision Rehabilitation Therapists",29112X,False,-0.01579622576708971,0.1076948073048677,0.091898581537778,-0.3383285374428125,-0.1896316499874593,1.2257775019831485,152280.0
29-1123.00,Physical Therapists,29112X,False,-0.01579622576708971,0.1076948073048677,0.091898581537778,0.0932120704938553,0.2803349981431274,1.844907074624395,248630.0
29-1124.00,Radiation Therapists,29112X,False,-0.01579622576708971,0.1076948073048677,0.091898581537778,0.8794149713615338,0.4416201017033672,0.8140213182495565,18700.0
29-1125.00,Recreational Therapists,29112X,False,-0.01579622576708971,0.1076948073048677,0.091898581537778,-0.130502554790927,-0.1400775871192781,2.2058321751982533,15060.0
29-1126.00,Respiratory Therapists,29112X,False,-0.01579622576708971,0.1076948073048677,0.091898581537778,0.6433118821575866,0.7856073757993282,1.0793864857909297,136420.0
29-1127.00,Speech-Language Pathologists,29112X,False,-0.01579622576708971,0.1076948073048677,0.091898581537778,-0.8332574986597465,0.5235306062435217,1.0840252386739218,178790.0
29-1128.00,Exercise Physiologists,29112X,False,-0.01579622576708971,0.1076948073048677,0.091898581537778,-0.2171960546001529,0.2702342312260093,1.1866972094381427,8110.0
29-1129.01,Art Therapists,29112X,False,-0.01579622576708971,0.1076948073048677,0.091898581537778,-0.8533847583236656,-0.226552585896938,1.5445861459163197,19320.0
29-1129.02,Music Therapists,29112X,False,-0.01579622576708971,0.1076948073048677,0.091898581537778,-0.4848422767592908,-0.1672229755820173,1.8109539350802475,19320.0
29-1131.00,Veterinarians,291131,True,0.0087025626692652,0.002123442808607,0.0108260054778722,0.3196388950218337,0.5894925543696587,1.019642393527746,80630.0
29-1141.00,Registered Nurses,291141,True,0.0013625718762773908,0.0721596742551262,0.0735222461314036,0.4318200489411391,0.7005941612420525,1.831788155750504,3282010.0
29-1141.01,Acute Care Nurses,291141,True,0.0013625718762773908,0.0721596742551262,0.0735222461314036,0.5145262833365892,0.829110627779992,1.9825311020905796,3282010.0
29-1141.02,Advanced Practice Psychiatric Nurses,291141,True,0.0013625718762773908,0.0721596742551262,0.0735222461314036,-0.7238794216011196,0.8920665538233387,1.6022280113313103,3282010.0
29-1141.03,Critical Care Nurses,291141,True,0.0013625718762773908,0.0721596742551262,0.0735222461314036,0.7829782285115797,0.9628187620496796,1.821490671566253,3282010.0
29-1141.04,Clinical Nurse Specialists,291141,True,0.0013625718762773908,0.0721596742551262,0.0735222461314036,0.0615801830005373,0.9770121778581174,1.708724566140584,3282010.0
29-1122.00,Occupational Therapists,2911XX,False,-0.0016427103696705996,0.0050414475598264,0.0033987371901558,-0.2118969730887063,0.4463443003493492,1.68632447501965,152280.0
29-1122.01,"Low Vision Therapists, Orientation and Mobility Specialists, and Vision Rehabilitation Therapists",2911XX,False,-0.0016427103696705996,0.0050414475598264,0.0033987371901558,-0.3383285374428125,-0.1896316499874593,1.2257775019831485,152280.0
29-1123.00,Physical Therapists,2911XX,False,-0.0016427103696705996,0.0050414475598264,0.0033987371901558,0.0932120704938553,0.2803349981431274,1.844907074624395,248630.0
29-1124.00,Radiation Therapists,2911XX,False,-0.0016427103696705996,0.0050414475598264,0.0033987371901558,0.8794149713615338,0.4416201017033672,0.8140213182495565,18700.0
29-1125.00,Recreational Therapists,2911XX,False,-0.0016427103696705996,0.0050414475598264,0.0033987371901558,-0.130502554790927,-0.1400775871192781,2.2058321751982533,15060.0
29-1126.00,Respiratory Therapists,2911XX,False,-0.0016427103696705996,0.0050414475598264,0.0033987371901558,0.6433118821575866,0.7856073757993282,1.0793864857909297,136420.0
29-1127.00,Speech-Language Pathologists,2911XX,False,-0.0016427103696705996,0.0050414475598264,0.0033987371901558,-0.8332574986597465,0.5235306062435217,1.0840252386739218,178790.0
29-1128.00,Exercise Physiologists,2911XX,False,-0.0016427103696705996,0.0050414475598264,0.0033987371901558,-0.2171960546001529,0.2702342312260093,1.1866972094381427,8110.0
29-1129.01,Art Therapists,2911XX,False,-0.0016427103696705996,0.0050414475598264,0.0033987371901558,-0.8533847583236656,-0.226552585896938,1.5445861459163197,19320.0
29-1129.02,Music Therapists,2911XX,False,-0.0016427103696705996,0.0050414475598264,0.0033987371901558,-0.4848422767592908,-0.1672229755820173,1.8109539350802475,19320.0
29-1131.00,Veterinarians,2911XX,False,-0.0016427103696705996,0.0050414475598264,0.0033987371901558,0.3196388950218337,0.5894925543696587,1.019642393527746,80630.0
29-1141.00,Registered Nurses,2911XX,False,-0.0016427103696705996,0.0050414475598264,0.0033987371901558,0.4318200489411391,0.7005941612420525,1.831788155750504,3282010.0
29-1141.01,Acute Care Nurses,2911XX,False,-0.0016427103696705996,0.0050414475598264,0.0033987371901558,0.5145262833365892,0.829110627779992,1.9825311020905796,3282010.0
29-1141.02,Advanced Practice Psychiatric Nurses,2911XX,False,-0.0016427103696705996,0.0050414475598264,0.0033987371901558,-0.7238794216011196,0.8920665538233387,1.6022280113313103,3282010.0
29-1141.03,Critical Care Nurses,2911XX,False,-0.0016427103696705996,0.0050414475598264,0.0033987371901558,0.7829782285115797,0.9628187620496796,1.821490671566253,3282010.0
29-1141.04,Clinical Nurse Specialists,2911XX,False,-0.0016427103696705996,0.0050414475598264,0.0033987371901558,0.0615801830005373,0.9770121778581174,1.708724566140584,3282010.0
29-1151.00,Nurse Anesthetists,2911XX,False,-0.0016427103696705996,0.0050414475598264,0.0033987371901558,1.0188335834925002,1.650900175248045,1.212945531594046,50350.0
29-1161.00,Nurse Midwives,2911XX,False,-0.0016427103696705996,0.0050414475598264,0.0033987371901558,0.0993518935505285,0.723804016021208,1.9682301190196037,8280.0
29-1171.00,Nurse Practitioners,2911XX,False,-0.0016427103696705996,0.0050414475598264,0.0033987371901558,0.1531236125102593,1.0118099900997464,1.6511576299898971,307390.0
29-1181.00,Audiologists,2911XX,False,-0.0016427103696705996,0.0050414475598264,0.0033987371901558,-0.1703350244473538,1.0693532362655105,1.014982362954676,14730.0
29-1292.00,Dental Hygienists,291292,True,-0.006565463896552395,0.0980604400459485,0.0914949761493961,0.0557522616595856,-0.5221891113286535,0.5830895533707625,219070.0
29-2032.00,Diagnostic Medical Sonographers,292032,True,-0.0023465342438560993,0.0793714858319879,0.0770249515881318,0.2606839872407603,-0.1180561139077229,0.4616648739042263,86460.0
29-2034.00,Radiologic Technologists and Technicians,292034,True,-0.004231171017896496,0.078454946533269,0.0742237755153725,0.7809280979671571,0.2073289506892443,1.1076501764195814,223460.0
29-2043.00,Paramedics,292043,True,0.009406415353509404,0.083456,0.0928624153535094,1.2491185020158782,0.0281699266537008,2.007511767498332,99530.0
29-2052.00,Pharmacy Technicians,292052,True,0.007955408841753692,0.1274886091462872,0.1354440179880409,-0.156106769630026,-0.2377511024184964,0.6276700976798885,487920.0
29-2053.00,Psychiatric Technicians,292053,True,-0.0018620765807381978,0.2338981765798551,0.2320360999991169,-0.3196359015568084,-0.6736853842424091,1.8644456432514367,136300.0
29-2055.00,Surgical Technologists,292055,True,0.003479751932626396,0.0724033081975188,0.0758830601301452,1.017972636525432,0.312438745245554,0.8151294788090134,113890.0
29-2056.00,Veterinary Technologists and Technicians,292056,True,-0.03610295623359128,0.2263068822865739,0.1902039260529826,0.6532113821784219,0.20681368409853,0.7438950283940093,131320.0
29-2061.00,Licensed Practical and Licensed Vocational Nurses,292061,True,-0.006296015786215005,0.0645048828976147,0.0582088671113997,0.2380539893722975,0.0749944225691575,1.6801245376933511,632430.0
29-2072.00,Medical Records Specialists,292072,True,0.0015208168131587985,0.0317527345239142,0.033273551337073,-0.9544951854107362,-0.6363729363681803,0.1230359360865014,187910.0
31-1121.00,Home Health Aides,311121,True,-0.005281159871152005,0.0571083386413359,0.0518271787701839,0.1900647417874669,-0.7338655674955994,1.8246159237816733,56720.0
31-1122.00,Personal Care Aides,311122,True,-0.0032502917385301977,0.077506552010084,0.0742562602715538,0.1735837623201622,-0.871542703793645,1.6018991059802714,56720.0
31-1131.00,Nursing Assistants,311131,True,-0.0033643643430831954,0.1163087398184688,0.1129443754753856,0.0567331870810218,-1.2884471580391217,1.5198195948759012,1388430.0
31-9091.00,Dental Assistants,319091,True,-0.02762163189988312,0.1873191278493558,0.1596974959494727,0.259311920435906,-0.3869402259863614,0.9602751611097284,375430.0
31-9092.00,Medical Assistants,319092,True,0.02554574897280351,0.1414943828990482,0.1670401318718517,-0.0636677616486692,0.2376264975272172,1.0984107938458447,793460.0
31-9096.00,Veterinary Assistants and Laboratory Animal Caretakers,319096,True,0.015700108800012602,0.284463933194738,0.3001640419947506,0.3941803884052188,-0.6843145146351045,0.8088028137685943,114190.0
31-9097.00,Phlebotomists,319097,True,0.023466199438736596,0.140057270727452,0.1635234701661886,0.1346919666752996,-0.5801489173396702,1.2698130994532395,138880.0
31-9091.00,Dental Assistants,31909X,False,0.0174979355252141,0.0757501749198009,0.093248110445015,0.259311920435906,-0.3869402259863614,0.9602751611097284,375430.0
31-9092.00,Medical Assistants,31909X,False,0.0174979355252141,0.0757501749198009,0.093248110445015,-0.0636677616486692,0.2376264975272172,1.0984107938458447,793460.0
31-9093.00,Medical Equipment Preparers,31909X,False,0.0174979355252141,0.0757501749198009,0.093248110445015,0.9328266171029784,0.011036141595348,0.3503925330278123,72760.0
31-9094.00,Medical Transcriptionists,31909X,False,0.0174979355252141,0.0757501749198009,0.093248110445015,-1.2837371879829684,-1.0901436299057887,-0.445568474939575,43070.0
31-9095.00,Pharmacy Aides,31909X,False,0.0174979355252141,0.0757501749198009,0.093248110445015,-0.5377890698756359,-0.9594201933435108,0.5771042110767995,41100.0
31-9096.00,Veterinary Assistants and Laboratory Animal Caretakers,31909X,False,0.0174979355252141,0.0757501749198009,0.093248110445015,0.3941803884052188,-0.6843145146351045,0.8088028137685943,114190.0
31-9097.00,Phlebotomists,31909X,False,0.0174979355252141,0.0757501749198009,0.093248110445015,0.1346919666752996,-0.5801489173396702,1.2698130994532395,138880.0
31-9099.01,Speech-Language Pathology Assistants,31909X,False,0.0174979355252141,0.0757501749198009,0.093248110445015,-1.1793339298445191,-0.6054291897887806,0.3574615932942195,103650.0
31-9099.02,Endoscopy Technicians,31909X,False,0.0174979355252141,0.0757501749198009,0.093248110445015,0.6473434195303758,-0.1907412287503115,0.5774956259821401,103650.0
33-1012.00,First-Line Supervisors of Police and Detectives,331012,True,0.007401201059722102,0.0208637886969579,0.02826498975668,0.9459458798136589,0.8672957593753794,2.34164934617196,153130.0
33-1021.00,First-Line Supervisors of Firefighting and Prevention Workers,331021,True,0.0018954732652111,0.0,0.0018954732652111,1.5975843083164174,1.045351934852543,1.8962922287655075,93680.0
33-2011.00,Firefighters,332011,True,0.01294804723865109,0.0869747551712324,0.0999228024098835,1.9646955828891417,0.1474282151464473,1.2482483969533722,332240.0
33-3012.00,Correctional Officers and Jailers,333012,True,0.00783902249771709,0.082591903118313,0.0904309256160301,0.9556274008141722,0.088188615305756,2.2186164523136265,365380.0
33-3021.00,Detectives and Criminal Investigators,333021,True,0.002846584766772499,0.0347914589564639,0.0376380437232364,1.138354474741123,1.096277257135499,2.322742499403081,110790.0
33-3021.02,Police Identification and Records Officers,333021,True,0.002846584766772499,0.0347914589564639,0.0376380437232364,0.1917746853589345,0.113262894969694,0.3668141293590211,110790.0
33-3021.06,Intelligence Analysts,333021,True,0.002846584766772499,0.0347914589564639,0.0376380437232364,-1.2332296463068122,0.520533350217792,-0.2300297717391693,110790.0
33-9021.00,Private Detectives and Investigators,339021,True,-0.0121803768226394,0.0620401920545187,0.0498598152318793,-0.4996929101637974,0.316007823542801,0.2735844839134309,38700.0
35-1011.00,Chefs and Head Cooks,351011,True,-0.0048730263510034025,0.0651232903234728,0.0602502639724694,1.0064491250484204,0.6133607054225448,1.3130656061204156,182320.0
35-1012.00,First-Line Supervisors of Food Preparation and Serving Workers,351012,True,-0.004950661065273004,0.135091166166024,0.130140505100751,0.0107071104762264,-0.1177946854126674,1.0668990011867678,1187460.0
35-2021.00,Food Preparation Workers,352021,True,0.030273468814327395,0.1106160534461126,0.14088952226044,-0.6635432459287444,-2.348318384124089,-0.4043438181576478,888770.0
35-3011.00,Bartenders,353011,True,-0.020140704578651497,0.1912857420735265,0.171145037494875,-0.3016038811130712,-1.145347552803408,0.9077155388098628,745610.0
35-3023.00,Fast Food and Counter Workers,353023,True,0.01738077978186639,0.2227137905752182,0.2400945703570846,-0.7407483739912814,-2.5896570792220683,0.4708641539742384,3780930.0
35-3023.01,Baristas,353023,True,0.01738077978186639,0.2227137905752182,0.2400945703570846,-0.4994082594094115,-2.210025998786118,0.6428227123585228,3780930.0
35-3031.00,Waiters and Waitresses,353031,True,0.00628536709661448,0.1913126504133096,0.1975980175099241,-0.6685937665673031,-2.087603641751506,0.670964216551548,2302690.0
35-3041.00,"Food Servers, Nonrestaurant",353041,True,0.011337242886485688,0.1412705014782423,0.152607744364728,-0.1986065678120612,-1.714546984883494,0.7118732925425785,271780.0
35-9011.00,Dining Room and Cafeteria Attendants and Bartender Helpers,359011,True,-0.004105198910267102,0.1234219017302237,0.1193167028199566,-0.4548286714210995,-2.3992818017728865,0.6788913902446048,522010.0
35-9021.00,Dishwashers,359021,True,-0.016402409237083998,0.1280518275271273,0.1116494182900433,-0.514790557954977,-2.7603035439508727,-0.586327250931334,471670.0
37-1011.00,First-Line Supervisors of Housekeeping and Janitorial Workers,371011,True,0.011202174206264397,0.0338612188305639,0.0450633930368283,0.3963244975162013,-0.1730571696757024,1.0468395339075205,174660.0
37-1012.00,"First-Line Supervisors of Landscaping, Lawn Service, and Groundskeeping Workers",371012,True,-0.0261455175885675,0.0748089600209898,0.0486634424324223,1.5961847629143353,0.8098694569110765,1.1609345713327384,124130.0
37-2012.00,Maids and Housekeeping Cleaners,372012,True,0.010728197309095008,0.0522689858464787,0.0629971831555737,-0.5542069825043434,-2.5588645476622744,0.1154118982395013,854910.0
37-2011.00,"Janitors and Cleaners, Except Maids and Housekeeping Cleaners",37201X,False,0.006517514225732601,0.0519834685812543,0.0585009828069869,-0.0423696638521241,-1.792386399391118,0.0481297410703631,2199900.0
37-2012.00,Maids and Housekeeping Cleaners,37201X,False,0.006517514225732601,0.0519834685812543,0.0585009828069869,-0.5542069825043434,-2.5588645476622744,0.1154118982395013,854910.0
37-2021.00,Pest Control Workers,372021,True,0.009159984349130207,0.0946206434155861,0.1037806277647163,1.0679501548120278,0.0167513626227465,0.503632283876565,96110.0
37-3011.00,Landscaping and Groundskeeping Workers,373011,True,-0.0071471160351972984,0.1079144740628017,0.1007673580276044,-0.6622272527086294,-3.495456866869681,-1.4513062967298591,943430.0
37-3013.00,Tree Trimmers and Pruners,373013,True,0.017088275126982605,0.109305613068125,0.1263938881951076,1.617806225266381,-0.9034268124043436,0.2022387065792569,47870.0
39-2021.00,Animal Caretakers,392021,True,0.004044784302325105,0.2240915943802303,0.2281363786825554,-0.0585703944836095,-1.4956933551383529,0.6853243741620769,277300.0
39-3011.00,Gambling Dealers,3930XX,False,-0.03556845550042659,0.2090012409328744,0.1734327854324478,-0.9422729647704476,-2.2683131879861276,0.2639127525343327,82980.0
39-3012.00,Gambling and Sports Book Writers and Runners,3930XX,False,-0.03556845550042659,0.2090012409328744,0.1734327854324478,-0.8702949186659883,-1.5994318217972887,-0.0710923275658228,7600.0
39-3021.00,Motion Picture Projectionists,3930XX,False,-0.03556845550042659,0.2090012409328744,0.1734327854324478,-0.2471919329098617,-1.4000952355499765,-1.0983173809930271,1950.0
39-3031.00,"Ushers, Lobby Attendants, and Ticket Takers",3930XX,False,-0.03556845550042659,0.2090012409328744,0.1734327854324478,-0.9933200360260748,-2.44007989005534,0.2086189275994603,119210.0
39-3091.00,Amusement and Recreation Attendants,3930XX,False,-0.03556845550042659,0.2090012409328744,0.1734327854324478,-0.5647245452166076,-1.975891704490254,0.5912444512379175,371590.0
39-3092.00,Costume Attendants,3930XX,False,-0.03556845550042659,0.2090012409328744,0.1734327854324478,-0.3024766568727643,-1.107160813417496,0.0122846501994168,6290.0
39-3093.00,"Locker Room, Coatroom, and Dressing Room Attendants",3930XX,False,-0.03556845550042659,0.2090012409328744,0.1734327854324478,-0.8692241572868046,-2.208832762705112,0.6766123453000628,14960.0
39-5012.00,"Hairdressers, Hairstylists, and Cosmetologists",395012,True,-0.0031070666275554992,0.1419535040399739,0.1388464374124184,-0.3423975839179738,-0.8632999702574041,0.7249642443851899,295460.0
39-5092.00,Manicurists and Pedicurists,395092,True,0.016300166608177104,0.0432653990663782,0.0595655656745553,-1.3138457967314388,-2.429294024955338,-0.7438615082996605,147820.0
39-9011.00,Childcare Workers,399011,True,0.007803665943844795,0.1758045484147607,0.1836082143586055,-0.5376960616421508,-1.248627104084931,0.9617866735660268,520180.0
39-9011.01,Nannies,399011,True,0.007803665943844795,0.1758045484147607,0.1836082143586055,-0.0966490567322703,-1.027319248643468,1.523292121614798,520180.0
39-9031.00,Exercise Trainers and Group Fitness Instructors,399031,True,-0.08927852893867161,0.2027258487168601,0.1134473197781885,-0.2092729859456226,-1.55174169534963,1.5245961446415943,303620.0
39-9032.00,Recreation Workers,399032,True,0.022298172203210592,0.106332609982245,0.1286307821854556,-0.1840967364040813,-0.037292832559493,1.6435659204836564,309640.0
41-1011.00,First-Line Supervisors of Retail Sales Workers,411011,True,0.00015480080757869497,0.080335400137827,0.0804902009454057,-0.4440283140369879,-0.3850257106868326,1.2515572877956775,1113160.0
41-1012.00,First-Line Supervisors of Non-Retail Sales Workers,411012,True,-0.0030895742178680963,0.0451571486857467,0.0420675744678786,-0.5135470014895833,0.7149950424414823,0.8099260165372776,219010.0
41-2022.00,Parts Salespersons,412022,True,-0.010503856702429495,0.0839432456989945,0.073439388996565,0.3415386910133263,-0.025307438348507,0.864016147303239,265060.0
41-2031.00,Retail Salespersons,412031,True,-0.007937420051043989,0.12921961455012,0.121282194499076,-0.7455747436246215,-1.065502586494367,0.734472233095676,3800250.0
41-3011.00,Advertising Sales Agents,413011,True,0.022089692173133904,0.1126624304654691,0.134752122638603,-1.254341000273428,0.1405631349785667,0.1913423370271393,97470.0
41-3021.00,Insurance Sales Agents,413021,True,0.0038280790238560958,0.0644685284941343,0.0682966075179904,-1.4276643364386166,-0.4692275043073761,0.0800934374780428,469480.0
41-3031.00,"Securities, Commodities, and Financial Services Sales Agents",413031,True,-0.009719711099830802,0.0812569928015653,0.0715372817017345,-1.3546244432815313,0.1561041146675266,-0.1443243221785231,472300.0
41-3091.00,"Sales Representatives of Services, Except Advertising, Insurance, Financial Services, and Travel",413091,True,0.0002483707372514937,0.0785712246429992,0.0788195953802507,-1.2410116746754036,-0.2343291583414245,0.2209504404151117,1189330.0
41-9031.00,Sales Engineers,419031,True,-0.004386801638439998,0.0604204699369884,0.0560336682985484,-1.027887633846295,0.9457637701811952,-0.6994372038345873,56690.0
43-1011.00,First-Line Supervisors of Office and Administrative Support Workers,431011,True,-7.366629513819861e-05,0.0411551469626473,0.0410814806675091,-0.6864268448679265,0.675322100215774,0.6478724168005167,1495580.0
43-3011.00,Bill and Account Collectors,433011,True,-0.012456666342987699,0.079994834281919,0.0675381679389313,-1.5612815932502973,-1.1012392163075628,-0.0713902861966428,165020.0
43-3021.00,Billing and Posting Clerks,433021,True,0.0028150640648138964,0.0513017411084194,0.0541168051732333,-1.6335938147780178,-1.2506850118269732,-0.8609891926046476,417500.0
43-3031.00,"Bookkeeping, Accounting, and Auditing Clerks",433031,True,-0.0037779511895359996,0.0470317037037037,0.0432537525141677,-1.4419958179187775,-0.8127527766245664,-0.7297832431092467,1455770.0
43-3051.00,Payroll and Timekeeping Clerks,433051,True,0.0017243444325717033,0.0387470690420733,0.040471413474645,-1.6095942020852698,-0.8198064362479535,-0.9202234926069588,156950.0
43-3071.00,Tellers,433071,True,0.029601831492056585,0.1714197131601032,0.2010215446521598,-0.5882030974386412,-0.5430623171723268,0.4264275449147699,339340.0
43-3011.00,Bill and Account Collectors,4330XX,False,0.0013155654244833975,0.0788717613460413,0.0801873267705247,-1.5612815932502973,-1.1012392163075628,-0.0713902861966428,165020.0
43-3021.00,Billing and Posting Clerks,4330XX,False,0.0013155654244833975,0.0788717613460413,0.0801873267705247,-1.6335938147780178,-1.2506850118269732,-0.8609891926046476,417500.0
43-3031.00,"Bookkeeping, Accounting, and Auditing Clerks",4330XX,False,0.0013155654244833975,0.0788717613460413,0.0801873267705247,-1.4419958179187775,-0.8127527766245664,-0.7297832431092467,1455770.0
43-3041.00,Gambling Cage Workers,4330XX,False,0.0013155654244833975,0.0788717613460413,0.0801873267705247,-0.771084391141281,-1.2067426813720636,0.1844244390262901,13490.0
43-3051.00,Payroll and Timekeeping Clerks,4330XX,False,0.0013155654244833975,0.0788717613460413,0.0801873267705247,-1.6095942020852698,-0.8198064362479535,-0.9202234926069588,156950.0
43-3061.00,Procurement Clerks,4330XX,False,0.0013155654244833975,0.0788717613460413,0.0801873267705247,-1.177961700643158,-0.2143392985327986,-0.1654668380947139,59900.0
43-3071.00,Tellers,4330XX,False,0.0013155654244833975,0.0788717613460413,0.0801873267705247,-0.5882030974386412,-0.5430623171723268,0.4264275449147699,339340.0
43-4031.00,"Court, Municipal, and License Clerks",434031,True,0.0023513775545657978,0.0584852753046377,0.0608366528592035,-1.2959252514066295,-0.8267390407374172,0.1183559878375476,170010.0
43-4051.00,Customer Service Representatives,434051,True,-0.010631240480968099,0.1100186777378348,0.0993874372568667,-1.1269209385320396,-0.565844949546973,0.5176146695637335,2725930.0
43-4061.00,"Eligibility Interviewers, Government Programs",434061,True,-0.0170021555153897,0.0446873102610807,0.027685154745691,-1.570331146721078,-0.6553070447653004,0.369338112748878,156260.0
43-4071.00,File Clerks,434071,True,-0.0178614265356475,0.0874813014210919,0.0696198748854444,-0.764121483541228,-0.2706082244534442,0.1958510533907008,78980.0
43-4081.00,"Hotel, Motel, and Resort Desk Clerks",434081,True,-0.005250787220197006,0.1715850462456956,0.1663342590254986,-1.0128222737818622,-0.8574271493623905,0.7323208020992508,261430.0
43-4111.00,"Interviewers, Except Eligibility and Loan",434111,True,-0.023029695253989,0.121325868030407,0.098296172776418,-0.964924553978596,-0.3551266545369146,1.0813704768895225,157310.0
43-4131.00,Loan Interviewers and Clerks,434131,True,-0.0322455359356252,0.0881054399119886,0.0558599039763634,-1.1728815643589838,0.4255286965101714,0.0281798964033554,173100.0
43-4161.00,"Human Resources Assistants, Except Payroll and Timekeeping",434161,True,0.024852486649219102,0.0633432674072067,0.0881957540564258,-1.2891940248487854,-0.4209921347938739,0.4680697262291179,92580.0
43-4171.00,Receptionists and Information Clerks,434171,True,0.0009721137274273928,0.1444434883003822,0.1454156020278096,-1.399548591683273,-1.3725939543024273,0.4634147304883216,964530.0
43-4181.00,Reservation and Transportation Ticket Agents and Travel Clerks,434181,True,-0.013831356300489803,0.0980928436931298,0.08426148739264,-0.7029919299325057,-0.8001133025702457,1.077660871022035,127440.0
43-4011.00,Brokerage Clerks,434XXX,False,-0.016468632398185606,0.1089216231239577,0.0924529907257721,-1.5251532963342158,-0.6533849420848645,-0.6186605433056487,40090.0
43-4021.00,Correspondence Clerks,434XXX,False,-0.016468632398185606,0.1089216231239577,0.0924529907257721,-1.478769578307766,-0.676477430140496,-0.2950834159740306,6260.0
43-4031.00,"Court, Municipal, and License Clerks",434XXX,False,-0.016468632398185606,0.1089216231239577,0.0924529907257721,-1.2959252514066295,-0.8267390407374172,0.1183559878375476,170010.0
43-4041.00,"Credit Authorizers, Checkers, and Clerks",434XXX,False,-0.016468632398185606,0.1089216231239577,0.0924529907257721,-1.2863557112417812,-0.6946079587156924,0.3005888142263622,11960.0
43-4051.00,Customer Service Representatives,434XXX,False,-0.016468632398185606,0.1089216231239577,0.0924529907257721,-1.1269209385320396,-0.565844949546973,0.5176146695637335,2725930.0
43-4061.00,"Eligibility Interviewers, Government Programs",434XXX,False,-0.016468632398185606,0.1089216231239577,0.0924529907257721,-1.570331146721078,-0.6553070447653004,0.369338112748878,156260.0
43-4071.00,File Clerks,434XXX,False,-0.016468632398185606,0.1089216231239577,0.0924529907257721,-0.764121483541228,-0.2706082244534442,0.1958510533907008,78980.0
43-4081.00,"Hotel, Motel, and Resort Desk Clerks",434XXX,False,-0.016468632398185606,0.1089216231239577,0.0924529907257721,-1.0128222737818622,-0.8574271493623905,0.7323208020992508,261430.0
43-4111.00,"Interviewers, Except Eligibility and Loan",434XXX,False,-0.016468632398185606,0.1089216231239577,0.0924529907257721,-0.964924553978596,-0.3551266545369146,1.0813704768895225,157310.0
43-4121.00,"Library Assistants, Clerical",434XXX,False,-0.016468632398185606,0.1089216231239577,0.0924529907257721,-0.9262761889873946,-1.3171884733862245,0.4272666194412003,80070.0
43-4131.00,Loan Interviewers and Clerks,434XXX,False,-0.016468632398185606,0.1089216231239577,0.0924529907257721,-1.1728815643589838,0.4255286965101714,0.0281798964033554,173100.0
43-4141.00,New Accounts Clerks,434XXX,False,-0.016468632398185606,0.1089216231239577,0.0924529907257721,-1.326651087875112,-0.9908712575112428,0.3295982207390815,38030.0
43-4151.00,Order Clerks,434XXX,False,-0.016468632398185606,0.1089216231239577,0.0924529907257721,-0.7503384121497794,0.0209047555924029,-0.0474309128066908,83420.0
43-4161.00,"Human Resources Assistants, Except Payroll and Timekeeping",434XXX,False,-0.016468632398185606,0.1089216231239577,0.0924529907257721,-1.2891940248487854,-0.4209921347938739,0.4680697262291179,92580.0
43-4171.00,Receptionists and Information Clerks,434XXX,False,-0.016468632398185606,0.1089216231239577,0.0924529907257721,-1.399548591683273,-1.3725939543024273,0.4634147304883216,964530.0
43-4181.00,Reservation and Transportation Ticket Agents and Travel Clerks,434XXX,False,-0.016468632398185606,0.1089216231239577,0.0924529907257721,-0.7029919299325057,-0.8001133025702457,1.077660871022035,127440.0
43-5021.00,Couriers and Messengers,435021,True,-0.005327651037845299,0.1248869583265384,0.1195593072886931,0.1552046397239478,-1.4623498878790715,0.2390898356640342,71920.0
43-5031.00,Public Safety Telecommunicators,435031,True,0.015302512574812896,0.089339314755995,0.1046418273308079,-0.2595496431670136,0.3234913160552236,1.646489153868547,101140.0
43-5032.00,"Dispatchers, Except Police, Fire, and Ambulance",435032,True,0.006563608660690501,0.0693061335711454,0.0758697422318359,-0.5766391339023837,-0.0790272051484911,0.8849251998142055,211000.0
43-5051.00,Postal Service Clerks,435051,True,-0.0110893990654993,0.0575692963752665,0.0464798973097672,-0.2783577701296781,-1.104414166699772,0.3165123881930039,78060.0
43-5052.00,Postal Service Mail Carriers,435052,True,-0.0050595536916134,0.0379358736270325,0.0328763199354191,-0.28113469595366,-2.5291601371671515,-0.1068229355123982,336040.0
43-5061.00,"Production, Planning, and Expediting Clerks",435061,True,-0.004097819398695107,0.0710309472260352,0.0669331278273401,-0.5911486119698235,-0.1750546816271795,-0.8134073609845847,385000.0
43-5071.00,"Shipping, Receiving, and Inventory Clerks",435071,True,-0.0219372090071923,0.0981566082887003,0.076219399281508,0.219551912375309,-0.7498369852404534,0.0209415751940207,857630.0
43-5111.00,"Weighers, Measurers, Checkers, and Samplers, Recordkeeping",435111,True,0.019121524910788307,0.0727978715754655,0.0919193964862538,0.4321720435950715,-0.1645607319004638,-0.3116318786085331,49720.0
43-6011.00,Executive Secretaries and Executive Administrative Assistants,436011,True,-0.0025245048819041993,0.034886081794983,0.0323615769130788,-1.2223246334953828,-0.1506183905495218,0.107507230126745,472770.0
43-6013.00,Medical Secretaries and Administrative Assistants,436013,True,0.014373630493758699,0.0564835123633841,0.0708571428571428,-1.3006292751318949,-0.8417501809447682,0.6897379291017388,830760.0
43-6014.00,"Secretaries and Administrative Assistants, Except Legal, Medical, and Executive",436014,True,-0.0011506178542218942,0.0515333078101072,0.0503826899558853,-1.4189877764527363,-0.8797455939804825,0.1731390336708772,1737820.0
43-9021.00,Data Entry Keyers,439021,True,-0.020827346882610495,0.0943321071252841,0.0735047602426736,-0.8926601447299246,-0.6493680155229798,-0.4445131739542338,135280.0
43-9041.00,Insurance Claims and Policy Processing Clerks,439041,True,-0.0020540034019480014,0.0687309237309913,0.0666769203290433,-1.4801518864112302,-0.8993310780156754,-0.5341381544971213,229070.0
43-9061.00,"Office Clerks, General",439061,True,0.003666390000877401,0.0717229644994882,0.0753893545003656,-1.2868723131310726,-1.1127471273035507,-0.1407517348823651,2510550.0
43-9021.00,Data Entry Keyers,439XXX,False,0.0010918777935754048,0.0933339744447417,0.0944258522383171,-0.8926601447299246,-0.6493680155229798,-0.4445131739542338,135280.0
43-9022.00,Word Processors and Typists,439XXX,False,0.0010918777935754048,0.0933339744447417,0.0944258522383171,-1.2451161692650243,-1.113729239785877,-0.1071043138537458,36030.0
43-9031.00,Desktop Publishers,439XXX,False,0.0010918777935754048,0.0933339744447417,0.0944258522383171,-0.8387276889686964,0.0351079837770951,-1.274681736464526,4000.0
43-9041.00,Insurance Claims and Policy Processing Clerks,439XXX,False,0.0010918777935754048,0.0933339744447417,0.0944258522383171,-1.4801518864112302,-0.8993310780156754,-0.5341381544971213,229070.0
43-9051.00,"Mail Clerks and Mail Machine Operators, Except Postal Service",439XXX,False,0.0010918777935754048,0.0933339744447417,0.0944258522383171,-0.2326661328707446,-1.4904931569315545,-0.2500740616233263,62730.0
43-9061.00,"Office Clerks, General",439XXX,False,0.0010918777935754048,0.0933339744447417,0.0944258522383171,-1.2868723131310726,-1.1127471273035507,-0.1407517348823651,2510550.0
43-9071.00,"Office Machine Operators, Except Computer",439XXX,False,0.0010918777935754048,0.0933339744447417,0.0944258522383171,-0.3902837620256077,-1.0186382205909073,-1.0688991119867663,24740.0
43-9081.00,Proofreaders and Copy Markers,439XXX,False,0.0010918777935754048,0.0933339744447417,0.0944258522383171,-1.9308248643176176,-1.7208818456995314,-1.526328483367562,5160.0
43-9111.00,Statistical Assistants,439XXX,False,0.0010918777935754048,0.0933339744447417,0.0944258522383171,-1.3692371226814677,0.4353847501724553,-1.2125297018370254,5900.0
45-2011.00,Agricultural Inspectors,4520XX,False,0.0023694033506218015,0.1009188099223862,0.103288213273008,0.5518227882887139,0.2042295427201209,0.2871235756817862,12090.0
45-2021.00,Animal Breeders,4520XX,False,0.0023694033506218015,0.1009188099223862,0.103288213273008,-0.1071025120135832,-1.284261614396265,-0.790367565204687,1730.0
45-2041.00,"Graders and Sorters, Agricultural Products",4520XX,False,0.0023694033506218015,0.1009188099223862,0.103288213273008,-0.5684632073329883,-2.4466343046736383,-0.6840981116417532,26870.0
45-2091.00,Agricultural Equipment Operators,4520XX,False,0.0023694033506218015,0.1009188099223862,0.103288213273008,0.853071949390267,-1.1868265189279692,-0.5375310368651208,30940.0
45-2092.00,"Farmworkers and Laborers, Crop, Nursery, and Greenhouse",4520XX,False,0.0023694033506218015,0.1009188099223862,0.103288213273008,0.941800115519235,-1.2523529772821231,-0.2779256648865331,261690.0
45-2093.00,"Farmworkers, Farm, Ranch, and Aquacultural Animals",4520XX,False,0.0023694033506218015,0.1009188099223862,0.103288213273008,0.9373197347742624,-0.7372202782135463,-0.0294407947503481,35420.0
47-1011.00,First-Line Supervisors of Construction Trades and Extraction Workers,471011,True,0.005501087860916999,0.0403884100509084,0.0458894979118254,1.290543384004918,0.6347561879259486,0.5894436414043479,806080.0
47-1011.03,Solar Energy Installation Managers,471011,True,0.005501087860916999,0.0403884100509084,0.0458894979118254,1.379977684501869,0.7508169747393851,0.5007246459101319,806080.0
47-2031.00,Carpenters,472031,True,-0.010078586925571897,0.0979479482120057,0.0878693612864338,1.697914539823789,0.2059474156423389,0.1191750920198907,697740.0
47-2061.00,Construction Laborers,472061,True,-0.005018356667073801,0.1124134343269567,0.1073950776598829,1.3821321714878163,-0.894442139496023,0.0878631998431475,1057660.0
47-2111.00,Electricians,472111,True,0.0009541284285613932,0.1126333298382407,0.1135874582668021,2.2479397649334647,0.83652964459789,0.282617167643234,742580.0
47-2152.00,"Plumbers, Pipefitters, and Steamfitters",472152,True,0.011599583741871713,0.1019341768895606,0.1135337606314323,1.7490792861390976,-0.044680894706434,-0.2367107646516631,455940.0
47-2152.04,Solar Thermal Installers and Technicians,472152,True,0.011599583741871713,0.1019341768895606,0.1135337606314323,1.3496029056270102,0.2426086040252494,-0.1992434098718271,455940.0
47-2181.00,Roofers,472181,True,0.0279069996937598,0.110018116864691,0.1379251165584508,1.8794855215434536,-0.6816605125223207,0.519355655937195,136740.0
47-2211.00,Sheet Metal Workers,472211,True,-0.011110036463840595,0.1101027538018906,0.09899271733805,1.5237735634347394,0.0025867627203035,-0.3843701952683562,117470.0
47-2011.00,Boilermakers,472XXX,False,0.03457592821212399,0.0735286282115493,0.1081045564236733,1.394670352728926,-0.3309982261388177,-0.5754097701886202,10170.0
47-2021.00,Brickmasons and Blockmasons,472XXX,False,0.03457592821212399,0.0735286282115493,0.1081045564236733,1.6705489129383502,-0.518146931925104,-0.0644977337862033,53520.0
47-2022.00,Stonemasons,472XXX,False,0.03457592821212399,0.0735286282115493,0.1081045564236733,1.7191029241942728,-0.1690446488594426,0.1620315840112002,8750.0
47-2031.00,Carpenters,472XXX,False,0.03457592821212399,0.0735286282115493,0.1081045564236733,1.697914539823789,0.2059474156423389,0.1191750920198907,697740.0
47-2041.00,Carpet Installers,472XXX,False,0.03457592821212399,0.0735286282115493,0.1081045564236733,0.84925391285531,-0.9719247199104604,-0.1663885826899279,14980.0
47-2042.00,"Floor Layers, Except Carpet, Wood, and Hard Tiles",472XXX,False,0.03457592821212399,0.0735286282115493,0.1081045564236733,0.1719698625110433,-1.311935567499572,-0.3057377555528362,24850.0
47-2043.00,Floor Sanders and Finishers,472XXX,False,0.03457592821212399,0.0735286282115493,0.1081045564236733,1.2004344861341,-1.0503509648892313,0.0346442215803717,4140.0
47-2044.00,Tile and Stone Setters,472XXX,False,0.03457592821212399,0.0735286282115493,0.1081045564236733,0.7550968732854356,-0.9590633962723808,-0.7473254948290378,38740.0
47-2051.00,Cement Masons and Concrete Finishers,472XXX,False,0.03457592821212399,0.0735286282115493,0.1081045564236733,1.6335078658725104,-0.8399577151527113,0.3451742877602013,205230.0
47-2053.00,Terrazzo Workers and Finishers,472XXX,False,0.03457592821212399,0.0735286282115493,0.1081045564236733,1.13301758974064,-1.2204369888374853,-0.4196154375751799,1450.0
47-2061.00,Construction Laborers,472XXX,False,0.03457592821212399,0.0735286282115493,0.1081045564236733,1.3821321714878163,-0.894442139496023,0.0878631998431475,1057660.0
47-2071.00,"Paving, Surfacing, and Tamping Equipment Operators",472XXX,False,0.03457592821212399,0.0735286282115493,0.1081045564236733,1.4217118174918846,-1.072919459581659,-0.1440363676996686,45680.0
47-2072.00,Pile Driver Operators,472XXX,False,0.03457592821212399,0.0735286282115493,0.1081045564236733,1.7591867085189576,-0.7276956766028995,-0.3246098513342272,3040.0
47-2073.00,Operating Engineers and Other Construction Equipment Operators,472XXX,False,0.03457592821212399,0.0735286282115493,0.1081045564236733,1.702189500799675,-0.2770651452092638,-0.0545832929843752,469270.0
47-2081.00,Drywall and Ceiling Tile Installers,472XXX,False,0.03457592821212399,0.0735286282115493,0.1081045564236733,1.3526596402625968,-0.7982258303909423,0.0891272723816034,82900.0
47-2082.00,Tapers,472XXX,False,0.03457592821212399,0.0735286282115493,0.1081045564236733,0.311877834010604,-2.070669251116704,-0.1430439813979336,12500.0
47-2111.00,Electricians,472XXX,False,0.03457592821212399,0.0735286282115493,0.1081045564236733,2.2479397649334647,0.83652964459789,0.282617167643234,742580.0
47-2121.00,Glaziers,472XXX,False,0.03457592821212399,0.0735286282115493,0.1081045564236733,1.2602813133691693,-0.7881361010619429,-0.0250588507875985,57000.0
47-2131.00,"Insulation Workers, Floor, Ceiling, and Wall",472XXX,False,0.03457592821212399,0.0735286282115493,0.1081045564236733,1.0751245759907149,-1.3951818806736112,-0.2102624108318749,38610.0
47-2132.00,"Insulation Workers, Mechanical",472XXX,False,0.03457592821212399,0.0735286282115493,0.1081045564236733,1.1130526371860932,-0.8883737665539359,0.260116697674414,25640.0
47-2141.00,"Painters, Construction and Maintenance",472XXX,False,0.03457592821212399,0.0735286282115493,0.1081045564236733,0.7578757832762893,-1.2986617156877256,0.4522871763483256,224180.0
47-2142.00,Paperhangers,472XXX,False,0.03457592821212399,0.0735286282115493,0.1081045564236733,0.4187901658199567,-1.8166366174185224,-0.2634622619026209,1520.0
47-2151.00,Pipelayers,472XXX,False,0.03457592821212399,0.0735286282115493,0.1081045564236733,0.9606125867108882,-1.3223955614315028,-0.0701953626012883,33580.0
47-2152.00,"Plumbers, Pipefitters, and Steamfitters",472XXX,False,0.03457592821212399,0.0735286282115493,0.1081045564236733,1.7490792861390976,-0.044680894706434,-0.2367107646516631,455940.0
47-2152.04,Solar Thermal Installers and Technicians,472XXX,False,0.03457592821212399,0.0735286282115493,0.1081045564236733,1.3496029056270102,0.2426086040252494,-0.1992434098718271,455940.0
47-2161.00,Plasterers and Stucco Masons,472XXX,False,0.03457592821212399,0.0735286282115493,0.1081045564236733,1.0410550252674533,-1.097744685009791,-0.1085306148174398,20880.0
47-2171.00,Reinforcing Iron and Rebar Workers,472XXX,False,0.03457592821212399,0.0735286282115493,0.1081045564236733,1.5739124182629989,-0.9367404837088532,0.0162476648382011,14140.0
47-2181.00,Roofers,472XXX,False,0.03457592821212399,0.0735286282115493,0.1081045564236733,1.8794855215434536,-0.6816605125223207,0.519355655937195,136740.0
47-2211.00,Sheet Metal Workers,472XXX,False,0.03457592821212399,0.0735286282115493,0.1081045564236733,1.5237735634347394,0.0025867627203035,-0.3843701952683562,117470.0
47-2221.00,Structural Iron and Steel Workers,472XXX,False,0.03457592821212399,0.0735286282115493,0.1081045564236733,1.9245209289424303,-0.4897004343150249,-0.1672701697182179,64720.0
47-2231.00,Solar Photovoltaic Installers,472XXX,False,0.03457592821212399,0.0735286282115493,0.1081045564236733,1.7757661735569867,0.0980978088648298,-0.0983377760546448,28280.0
47-4011.00,Construction and Building Inspectors,474011,True,0.0033835442288589965,0.043401843287599,0.046785387516458,0.4569095428340423,0.6432862651537069,0.2668237781728807,137210.0
47-4011.01,Energy Auditors,474011,True,0.0033835442288589965,0.043401843287599,0.046785387516458,0.5690851447583926,0.9026309880240656,-0.5226924700837972,137210.0
47-4051.00,Highway Maintenance Workers,474051,True,-0.014672443280674505,0.0619341365903251,0.0472616933096506,1.6411102772218615,-0.6023404300282434,0.8007210133733399,151750.0
49-1011.00,"First-Line Supervisors of Mechanics, Installers, and Repairers",491011,True,-0.009694142362228597,0.0276403443036297,0.0179462019414011,1.2655018308713946,1.2113644464363995,0.1134847800989858,600680.0
49-2011.00,"Computer, Automated Teller, and Office Machine Repairers",492011,True,-0.0031855406747812037,0.0873313975687507,0.0841458568939695,0.4310327787334482,0.0083361722914608,-0.5493246707054256,73010.0
49-3011.00,Aircraft Mechanics and Service Technicians,493011,True,0.0163327686954826,0.1033172689877256,0.1196500376832082,2.2052970537716603,1.19687350052031,-0.5438973528130195,136390.0
49-3021.00,Automotive Body and Related Repairers,493021,True,0.020690196500744107,0.0751674211920806,0.0958576176928247,1.228353189020538,-0.5333315069561164,-0.7251493041855779,155220.0
49-3023.00,Automotive Service Technicians and Mechanics,493023,True,0.014586418234519186,0.1166953533628758,0.131281771597395,1.4387655762582523,-0.0972352649018049,-0.8572437966764697,688840.0
49-3031.00,Bus and Truck Mechanics and Diesel Engine Specialists,493031,True,0.007548766339595406,0.1118314251156882,0.1193801914552836,1.9660718187580883,0.0325411603733031,-0.5298291785699972,287230.0
49-9021.00,"Heating, Air Conditioning, and Refrigeration Mechanics and Installers",499021,True,0.018062691985713905,0.1024777668573184,0.1205404588430323,1.9130987312082632,0.9927012142528804,-0.2022204346037314,396870.0
49-9044.00,Millwrights,499044,True,-0.0385876949629781,0.077829464168166,0.0392417692051879,2.4392612688461406,0.6596131987247137,0.1377830537957853,40660.0
49-9041.00,Industrial Machinery Mechanics,49904X,False,0.008547201372418899,0.0564713578775552,0.0650185592499741,1.562826442564218,0.0419763666682085,-1.1925635224199262,421940.0
49-9043.00,"Maintenance Workers, Machinery",49904X,False,0.008547201372418899,0.0564713578775552,0.0650185592499741,1.3044513768790862,-0.4390305688419863,-0.9946983197565096,56540.0
49-9044.00,Millwrights,49904X,False,0.008547201372418899,0.0564713578775552,0.0650185592499741,2.4392612688461406,0.6596131987247137,0.1377830537957853,40660.0
49-9045.00,"Refractory Materials Repairers, Except Brickmasons",49904X,False,0.008547201372418899,0.0564713578775552,0.0650185592499741,1.3939265367930027,-1.176721901746099,-0.5450013183383655,1100.0
49-9051.00,Electrical Power-Line Installers and Repairers,499051,True,0.008946207603711703,0.1072077666373852,0.1161539742410969,2.1035351190796767,-0.0444414121508268,0.2085307889912246,123680.0
49-9052.00,Telecommunications Line Installers and Repairers,499052,True,0.0009481581115305948,0.0941591614319231,0.0951073195434537,1.4848683010714063,-0.1935593452219513,0.1112372763921202,98360.0
49-9071.00,"Maintenance and Repair Workers, General",499071,True,0.018048322954030506,0.051635934056347,0.0696842570103775,1.6898173861464256,0.1722487561397483,-0.2769234390372564,1531700.0
49-9011.00,Mechanical Door Repairers,4990XX,False,-0.01435750472805869,0.1172790454207187,0.10292154069266,1.576014000952987,-0.3482847752460295,0.0513080234813861,27970.0
49-9012.00,"Control and Valve Installers and Repairers, Except Mechanical Door",4990XX,False,-0.01435750472805869,0.1172790454207187,0.10292154069266,1.435491782827326,0.0470433743783649,-0.3562986542061093,46920.0
49-9021.00,"Heating, Air Conditioning, and Refrigeration Mechanics and Installers",4990XX,False,-0.01435750472805869,0.1172790454207187,0.10292154069266,1.9130987312082632,0.9927012142528804,-0.2022204346037314,396870.0
49-9031.00,Home Appliance Repairers,4990XX,False,-0.01435750472805869,0.1172790454207187,0.10292154069266,0.9629317637877612,-0.2628780917467944,-0.1717551862449413,31940.0
49-9041.00,Industrial Machinery Mechanics,4990XX,False,-0.01435750472805869,0.1172790454207187,0.10292154069266,1.562826442564218,0.0419763666682085,-1.1925635224199262,421940.0
49-9043.00,"Maintenance Workers, Machinery",4990XX,False,-0.01435750472805869,0.1172790454207187,0.10292154069266,1.3044513768790862,-0.4390305688419863,-0.9946983197565096,56540.0
49-9044.00,Millwrights,4990XX,False,-0.01435750472805869,0.1172790454207187,0.10292154069266,2.4392612688461406,0.6596131987247137,0.1377830537957853,40660.0
49-9045.00,"Refractory Materials Repairers, Except Brickmasons",4990XX,False,-0.01435750472805869,0.1172790454207187,0.10292154069266,1.3939265367930027,-1.176721901746099,-0.5450013183383655,1100.0
49-9051.00,Electrical Power-Line Installers and Repairers,4990XX,False,-0.01435750472805869,0.1172790454207187,0.10292154069266,2.1035351190796767,-0.0444414121508268,0.2085307889912246,123680.0
49-9052.00,Telecommunications Line Installers and Repairers,4990XX,False,-0.01435750472805869,0.1172790454207187,0.10292154069266,1.4848683010714063,-0.1935593452219513,0.1112372763921202,98360.0
49-9061.00,Camera and Photographic Equipment Repairers,4990XX,False,-0.01435750472805869,0.1172790454207187,0.10292154069266,-0.4378745677241046,-0.5708484467117931,-1.978524907418758,2010.0
49-9062.00,Medical Equipment Repairers,4990XX,False,-0.01435750472805869,0.1172790454207187,0.10292154069266,0.8778444024388521,0.2118088795139568,-1.0815792623540867,60830.0
49-9063.00,Musical Instrument Repairers and Tuners,4990XX,False,-0.01435750472805869,0.1172790454207187,0.10292154069266,0.4197469637008408,-0.3940684689401209,-1.1862355606704402,5730.0
49-9064.00,Watch and Clock Repairers,4990XX,False,-0.01435750472805869,0.1172790454207187,0.10292154069266,-0.3092718822994513,-0.753786083083598,-1.796664708274514,1300.0
49-9071.00,"Maintenance and Repair Workers, General",4990XX,False,-0.01435750472805869,0.1172790454207187,0.10292154069266,1.6898173861464256,0.1722487561397483,-0.2769234390372564,1531700.0
49-9081.00,Wind Turbine Service Technicians,4990XX,False,-0.01435750472805869,0.1172790454207187,0.10292154069266,2.394647799965715,0.640256198886107,0.08169956121918,11220.0
49-9091.00,"Coin, Vending, and Amusement Machine Servicers and Repairers",4990XX,False,-0.01435750472805869,0.1172790454207187,0.10292154069266,0.2174112059400594,-1.3173418986504284,-0.9942002981248064,28260.0
49-9092.00,Commercial Divers,4990XX,False,-0.01435750472805869,0.1172790454207187,0.10292154069266,2.1453381833996845,0.5446473209536208,0.2787473305329677,3430.0
49-9094.00,Locksmiths and Safe Repairers,4990XX,False,-0.01435750472805869,0.1172790454207187,0.10292154069266,1.1551620010338297,0.1235742154375292,-0.049137398674604,15550.0
49-9095.00,Manufactured Building and Mobile Home Installers,4990XX,False,-0.01435750472805869,0.1172790454207187,0.10292154069266,2.514730182750023,0.6489041981312272,0.9745165616877932,2610.0
49-9096.00,Riggers,4990XX,False,-0.01435750472805869,0.1172790454207187,0.10292154069266,1.6752179607872464,-0.5420439359893929,0.0992123455703067,24190.0
49-9097.00,Signal and Track Switch Repairers,4990XX,False,-0.01435750472805869,0.1172790454207187,0.10292154069266,1.4608761488721609,-0.3440694884935348,-0.9624370735484886,8210.0
49-9098.00,"Helpers--Installation, Maintenance, and Repair Workers",4990XX,False,-0.01435750472805869,0.1172790454207187,0.10292154069266,1.426908172739514,-0.6980057107956851,-0.4199699654750743,97540.0
49-9099.01,Geothermal Technicians,4990XX,False,-0.01435750472805869,0.1172790454207187,0.10292154069266,1.7869201710106295,0.7685106856402901,-0.6473038912416567,183690.0
51-1011.00,First-Line Supervisors of Production and Operating Workers,511011,True,0.003042140648986294,0.0411275110595157,0.044169651708502,1.044183317325311,0.8862649206432198,0.5214369583838846,685140.0
51-2011.00,"Aircraft Structure, Surfaces, Rigging, and Systems Assemblers",5120XX,False,-0.005054267555831188,0.0960877827239957,0.0910335151681645,1.0041361736722056,-0.1426240228169983,-0.8756304137703678,32890.0
51-2021.00,"Coil Winders, Tapers, and Finishers",5120XX,False,-0.005054267555831188,0.0960877827239957,0.0910335151681645,0.2820064263781451,-1.3006168481877023,-0.7007793912379012,12170.0
51-2022.00,Electrical and Electronic Equipment Assemblers,5120XX,False,-0.005054267555831188,0.0960877827239957,0.0910335151681645,0.1026580034881832,-0.9146961259338284,-1.195852797836494,56720.0
51-2023.00,Electromechanical Equipment Assemblers,5120XX,False,-0.005054267555831188,0.0960877827239957,0.0910335151681645,0.1436160637851049,-0.8905279622694986,-1.6479275349289428,56720.0
51-2031.00,Engine and Other Machine Assemblers,5120XX,False,-0.005054267555831188,0.0960877827239957,0.0910335151681645,0.9794883406765416,-0.8928451277187884,-0.9067613622926352,38420.0
51-2041.00,Structural Metal Fabricators and Fitters,5120XX,False,-0.005054267555831188,0.0960877827239957,0.0910335151681645,0.728164568697435,-1.1452183096422432,-0.7562496672383769,53380.0
51-2051.00,Fiberglass Laminators and Fabricators,5120XX,False,-0.005054267555831188,0.0960877827239957,0.0910335151681645,1.1172695476006351,-0.7687581705448064,-0.3580474299225311,18520.0
51-2061.00,Timing Device Assemblers and Adjusters,5120XX,False,-0.005054267555831188,0.0960877827239957,0.0910335151681645,-0.210986553128706,-1.051008434514855,-1.8234420963510696,230.0
51-2092.00,Team Assemblers,5120XX,False,-0.005054267555831188,0.0960877827239957,0.0910335151681645,0.5085643712938339,-0.6755596564485592,-0.6194311829706116,56720.0
51-3011.00,Bakers,513011,True,-0.051777647467873,0.1582694900938014,0.1064918426259284,-0.1605937677870584,-1.647959636082978,-0.6589355676765237,231890.0
51-3092.00,Food Batchmakers,513092,True,0.0008443432769933007,0.0996155300642884,0.1004598733412817,0.5013033588888688,-0.715427675853366,-0.7373811389617769,171660.0
51-4031.00,"Cutting, Punching, and Press Machine Setters, Operators, and Tenders, Metal and Plastic",514031,True,0.03637495310735031,0.0677096489012376,0.1040846020085879,0.5600337995104819,-1.5141122424351454,-1.5327995392391036,174430.0
51-4041.00,Machinists,514041,True,0.003468828681383901,0.0670598528189027,0.0705286815002866,0.7735687942148104,-0.4710274608290449,-1.4195269986156946,298790.0
51-4021.00,"Extruding and Drawing Machine Setters, Operators, and Tenders, Metal and Plastic",514XXX,False,-0.010366246021925901,0.0715985528257774,0.0612323068038515,1.2829301689582149,-0.8743899715815271,-0.6896408866362569,65700.0
51-4022.00,"Forging Machine Setters, Operators, and Tenders, Metal and Plastic",514XXX,False,-0.010366246021925901,0.0715985528257774,0.0612323068038515,0.3995082822303579,-1.212898413209225,-1.5151039297140052,8760.0
51-4023.00,"Rolling Machine Setters, Operators, and Tenders, Metal and Plastic",514XXX,False,-0.010366246021925901,0.0715985528257774,0.0612323068038515,1.4655468437604666,-0.1179690552793355,-0.7000206360359055,22350.0
51-4031.00,"Cutting, Punching, and Press Machine Setters, Operators, and Tenders, Metal and Plastic",514XXX,False,-0.010366246021925901,0.0715985528257774,0.0612323068038515,0.5600337995104819,-1.5141122424351454,-1.5327995392391036,174430.0
51-4032.00,"Drilling and Boring Machine Tool Setters, Operators, and Tenders, Metal and Plastic",514XXX,False,-0.010366246021925901,0.0715985528257774,0.0612323068038515,0.7960314043777177,-0.4189814042794981,-1.5371550112105088,5310.0
51-4033.00,"Grinding, Lapping, Polishing, and Buffing Machine Tool Setters, Operators, and Tenders, Metal and Plastic",514XXX,False,-0.010366246021925901,0.0715985528257774,0.0612323068038515,0.780993889450526,-0.7981088648691592,-1.398854535349933,70110.0
51-4034.00,"Lathe and Turning Machine Tool Setters, Operators, and Tenders, Metal and Plastic",514XXX,False,-0.010366246021925901,0.0715985528257774,0.0612323068038515,0.6347231688223535,-0.6545165773510991,-1.1625462279340433,18970.0
51-4035.00,"Milling and Planing Machine Setters, Operators, and Tenders, Metal and Plastic",514XXX,False,-0.010366246021925901,0.0715985528257774,0.0612323068038515,0.8319537569739943,-0.7900161758253483,-1.2759505656561687,13810.0
51-4041.00,Machinists,514XXX,False,-0.010366246021925901,0.0715985528257774,0.0612323068038515,0.7735687942148104,-0.4710274608290449,-1.4195269986156946,298790.0
51-4051.00,Metal-Refining Furnace Operators and Tenders,514XXX,False,-0.010366246021925901,0.0715985528257774,0.0612323068038515,1.4832636352544537,-0.4449434638722566,-0.7631451175798963,20330.0
51-4052.00,"Pourers and Casters, Metal",514XXX,False,-0.010366246021925901,0.0715985528257774,0.0612323068038515,0.574284612080502,-1.4626011092964877,-1.189074257658283,5830.0
51-4061.00,"Model Makers, Metal and Plastic",514XXX,False,-0.010366246021925901,0.0715985528257774,0.0612323068038515,0.6228059858195389,-0.5814256223790306,-2.372082297375699,3230.0
51-4062.00,"Patternmakers, Metal and Plastic",514XXX,False,-0.010366246021925901,0.0715985528257774,0.0612323068038515,0.6654700038375361,-0.2530965704774395,-1.3621953492855956,1570.0
51-4071.00,Foundry Mold and Coremakers,514XXX,False,-0.010366246021925901,0.0715985528257774,0.0612323068038515,1.001750482659215,-1.4491467318659674,-0.4555970537680671,12720.0
51-4072.00,"Molding, Coremaking, and Casting Machine Setters, Operators, and Tenders, Metal and Plastic",514XXX,False,-0.010366246021925901,0.0715985528257774,0.0612323068038515,0.917981648333152,-1.021727947208589,-1.0985150586392187,154820.0
51-4081.00,"Multiple Machine Tool Setters, Operators, and Tenders, Metal and Plastic",514XXX,False,-0.010366246021925901,0.0715985528257774,0.0612323068038515,0.9499929738893472,0.0547666227079546,-1.1311906611273934,129850.0
51-4111.00,Tool and Die Makers,514XXX,False,-0.010366246021925901,0.0715985528257774,0.0612323068038515,0.6721289941858226,-0.2372114155444368,-1.8296702146372932,55130.0
51-4121.00,"Welders, Cutters, Solderers, and Brazers",514XXX,False,-0.010366246021925901,0.0715985528257774,0.0612323068038515,0.4816633526112261,-1.517943389499592,-1.3289556244188017,424040.0
51-4122.00,"Welding, Soldering, and Brazing Machine Setters, Operators, and Tenders",514XXX,False,-0.010366246021925901,0.0715985528257774,0.0612323068038515,1.0104603435932993,-0.7402334621121414,-0.9647779968373408,36290.0
51-4191.00,"Heat Treating Equipment Setters, Operators, and Tenders, Metal and Plastic",514XXX,False,-0.010366246021925901,0.0715985528257774,0.0612323068038515,1.171965186358051,-0.7724022380838275,-0.9158774730533704,14590.0
51-4192.00,"Layout Workers, Metal and Plastic",514XXX,False,-0.010366246021925901,0.0715985528257774,0.0612323068038515,1.156653334690671,-0.2364287360158024,-0.9660742434861336,5610.0
51-4193.00,"Plating Machine Setters, Operators, and Tenders, Metal and Plastic",514XXX,False,-0.010366246021925901,0.0715985528257774,0.0612323068038515,0.8513675127138717,-0.7611314772752064,-0.5314208397310438,31510.0
51-4194.00,"Tool Grinders, Filers, and Sharpeners",514XXX,False,-0.010366246021925901,0.0715985528257774,0.0612323068038515,0.5538187768725645,-0.7336952274243874,-1.9184023603467737,5730.0
51-5112.00,Printing Press Operators,515112,True,-0.0097139515212393,0.0826925893380199,0.0729786378167806,0.8274658091484146,-0.3956590333471639,-0.7986920982694303,145110.0
51-6011.00,Laundry and Dry-Cleaning Workers,516011,True,0.004869862886302298,0.0535169749949176,0.0583868378812199,-0.317383234548877,-2.0762666973333235,-0.5524020931096421,195360.0
51-6031.00,Sewing Machine Operators,516031,True,-0.012367751052503699,0.0555991921005386,0.0432314410480349,-0.3822688286620787,-2.0146712291618587,-1.6451873879118497,109590.0
51-8021.00,Stationary Engineers and Boiler Operators,518021,True,-0.00021001162979690166,0.0173074143662378,0.0170974027364409,1.5750856437903442,0.4111577540910128,-0.2246814767536251,30780.0
51-8031.00,Water and Wastewater Treatment Plant and System Operators,518031,True,-0.001692802084791202,0.0523448650169859,0.0506520629321947,1.4250313464962407,0.4384676104925153,-0.2197629626038791,126750.0
51-9061.00,"Inspectors, Testers, Sorters, Samplers, and Weighers",519061,True,-0.003435779244894896,0.0781188067174298,0.0746830274725349,0.6291217214190647,-0.3542340992470046,-0.5690329487756293,591180.0
51-9111.00,Packaging and Filling Machine Operators and Tenders,519111,True,-0.014662048566950997,0.0881850921796945,0.0735230436127435,0.9241051001240456,-0.9552117354358692,-0.1697575220198265,383860.0
51-9111.00,Packaging and Filling Machine Operators and Tenders,5191XX,False,0.007546773978565596,0.0881916933713507,0.0957384673499163,0.9241051001240456,-0.9552117354358692,-0.1697575220198265,383860.0
51-9123.00,"Painting, Coating, and Decorating Workers",5191XX,False,0.007546773978565596,0.0881916933713507,0.0957384673499163,-0.4692604772680356,-1.764612886682582,-0.9251436638197524,8470.0
51-9124.00,"Coating, Painting, and Spraying Machine Setters, Operators, and Tenders",5191XX,False,0.007546773978565596,0.0881916933713507,0.0957384673499163,1.04428508093365,-1.0305350447528048,-0.9678790540491076,159500.0
51-9141.00,Semiconductor Processing Technicians,5191XX,False,0.007546773978565596,0.0881916933713507,0.0957384673499163,0.4587455621441903,-0.2908150056045913,-0.8772688749541206,32150.0
51-9151.00,Photographic Process Workers and Processing Machine Operators,5191XX,False,0.007546773978565596,0.0881916933713507,0.0957384673499163,0.1830659890709507,-0.4657599856105229,-0.7038429567637629,5550.0
51-9161.00,Computer Numerically Controlled Tool Operators,5191XX,False,0.007546773978565596,0.0881916933713507,0.0957384673499163,1.137694192460644,0.0849408955665751,-1.4639623130592887,176950.0
51-9162.00,Computer Numerically Controlled Tool Programmers,5191XX,False,0.007546773978565596,0.0881916933713507,0.0957384673499163,0.5683939496994769,0.4319983952594605,-1.8175084982683944,28230.0
51-9191.00,Adhesive Bonding Machine Operators and Tenders,5191XX,False,0.007546773978565596,0.0881916933713507,0.0957384673499163,1.2497810408482966,-0.7862859731010965,-0.4331872878211064,12170.0
51-9192.00,"Cleaning, Washing, and Metal Pickling Equipment Operators and Tenders",5191XX,False,0.007546773978565596,0.0881916933713507,0.0957384673499163,0.5757119193968296,-1.3487985301503749,-0.5606606474900092,13890.0
51-9193.00,Cooling and Freezing Equipment Operators and Tenders,5191XX,False,0.007546773978565596,0.0881916933713507,0.0957384673499163,1.2288918183461712,-0.0781896961056989,-0.7411605838555468,6590.0
51-9194.00,Etchers and Engravers,5191XX,False,0.007546773978565596,0.0881916933713507,0.0957384673499163,0.1978695748796546,-0.6771774764324638,-1.325825665774922,8390.0
51-9195.00,"Molders, Shapers, and Casters, Except Metal and Plastic",5191XX,False,0.007546773978565596,0.0881916933713507,0.0957384673499163,0.6516912950467401,-1.4047768317168956,-0.9320380580225934,34750.0
51-9195.03,"Stone Cutters and Carvers, Manufacturing",5191XX,False,0.007546773978565596,0.0881916933713507,0.0957384673499163,0.9989582588941118,-0.4543541355968435,-0.5125698147588712,34750.0
51-9195.04,"Glass Blowers, Molders, Benders, and Finishers",5191XX,False,0.007546773978565596,0.0881916933713507,0.0957384673499163,0.5373710748829386,-0.5803460128002897,-1.334007220067876,34750.0
51-9195.05,"Potters, Manufacturing",5191XX,False,0.007546773978565596,0.0881916933713507,0.0957384673499163,0.1109801293085976,-1.2687304652683749,-1.103933882311099,34750.0
51-9196.00,"Paper Goods Machine Setters, Operators, and Tenders",5191XX,False,0.007546773978565596,0.0881916933713507,0.0957384673499163,0.8893962059838925,-0.8224103847923904,-0.4707199876217773,96950.0
51-9197.00,Tire Builders,5191XX,False,0.007546773978565596,0.0881916933713507,0.0957384673499163,0.9653590891851412,-1.3870282361189137,-0.5681800087843641,20970.0
51-9198.00,Helpers--Production Workers,5191XX,False,0.007546773978565596,0.0881916933713507,0.0957384673499163,0.7493332901043671,-1.338327457730931,-0.2491339023597488,167490.0
53-2031.00,Flight Attendants,532031,True,0.0023405084411986035,0.0610226003806048,0.0633631088218034,0.7340293543203703,-0.6186193549594136,2.2175279607057514,130110.0
53-3051.00,"Bus Drivers, School",533051,True,-0.0057536545185468985,0.0179956283498517,0.0122419738313048,0.7067986702053095,-1.1490995517701978,0.514255102071166,387920.0
53-3052.00,"Bus Drivers, Transit and Intercity",533052,True,9.050348980698536e-06,0.0223573724040222,0.0223664227530029,0.6872147734870938,-1.1440610193635432,0.4880238376386083,148980.0
53-7021.00,Crane and Tower Operators,537021,True,0.023069678028944204,0.0533977337299862,0.0764674117589304,1.8080999254434085,-0.1199724036083855,0.0606665403722564,42000.0
53-7051.00,Industrial Truck and Tractor Operators,537051,True,-0.007615639162169896,0.0914944410982281,0.0838788019360582,1.3869623269882914,-0.8750707792301851,-0.2175977530086403,805770.0
53-7061.00,Cleaners of Vehicles and Equipment,537061,True,-0.0182346916565555,0.1435276428013184,0.1252929511447629,0.6126219591755354,-1.7396150994958035,-0.0925165896981641,373960.0
53-7062.00,"Laborers and Freight, Stock, and Material Movers, Hand",537062,True,0.0019050228312003925,0.124673098465102,0.1265781212963024,0.7334854418577588,-1.6614469960268043,-0.0982221511343344,2982530.0
53-7062.04,Recycling and Reclamation Workers,537062,True,0.0019050228312003925,0.124673098465102,0.1265781212963024,1.0473952988771826,-1.2344572162589842,-0.2010011944426818,2982530.0
53-7064.00,"Packers and Packagers, Hand",537064,True,0.010333381866488398,0.1131493942226706,0.123482776089159,0.2826320056358498,-1.578251428449819,-0.3099747186977656,601440.0
53-7065.00,Stockers and Order Fillers,537065,True,-0.0037500051918457067,0.1462801657186106,0.1425301605267649,0.1667398425212935,-1.583260687699273,0.4913726734058377,2779530.0
53-7081.00,Refuse and Recyclable Material Collectors,537081,True,0.0512282360407411,0.0509010271964927,0.1021292632372338,0.3684368892331097,-2.6245600831503415,-0.6093014438208786,139180.0
53-7121.00,"Tank Car, Truck, and Ship Loaders",5371XX,False,0.007019491456070795,0.1004576093005998,0.1074771007566706,1.9782090152281857,-0.0046887263586862,0.0613742405112893,10920.0
